סמל_ישוב,city_name,סמל_נפה,נפה,קוד_לשכת_מנא,לשכת_מנא,קוד_מועצה_אזורית,מועצה_אזורית,total,age_0-5,age_6-18,age_19-45,age_46-55,age_56-64,age_64+
3000,ירושלים ,11,ירושלים ,11,ירושלים ,0, ,1087330,139842,270260,383311,95601,71244,127072
5000,תל אביב - יפו ,51,תל אביב ,51,"ת""א - מרכז ",0, ,588877,40128,75960,231846,73181,51340,116422
4000,חיפה ,31,חיפה ,31,חיפה ,0, ,340075,21862,51703,110854,42283,33417,79956
8300,ראשון לציון ,44,רחובות ,46,ראשון לציון ,0, ,284850,20265,46398,96450,36991,27410,57336
7900,פתח תקווה ,42,פתח תקווה ,42,פתח תקוה ,0, ,282133,23110,56771,90589,37074,23529,51060
7400,נתניה ,41,השרון ,41,נתניה ,0, ,281601,21720,50637,89178,34269,25884,59913
70,אשדוד ,61,אשקלון ,69,אשדוד ,0, ,258958,23596,51623,82724,30265,23881,46869
6100,בני ברק ,52,רמת גן ,54,בני ברק ,0, ,233064,44338,70658,75607,13648,9983,18830
9000,באר שבע ,62,באר שבע ,62,באר שבע ,0, ,229650,18870,40594,79666,25623,21524,43373
6600,חולון ,53,חולון ,53,חולון ,0, ,212479,14410,36884,65896,28104,20297,46888
8600,רמת גן ,52,רמת גן ,52,רמת גן ,0, ,186107,13729,26116,68673,22953,17115,37521
2610,בית שמש ,11,ירושלים ,13,בית שמש ,0, ,184377,37696,58299,63317,10677,6269,8119
7100,אשקלון ,61,אשקלון ,61,אשקלון ,0, ,179073,15951,33647,61639,20028,15990,31818
8400,רחובות ,44,רחובות ,44,רחובות ,0, ,165096,15202,35316,53698,20125,12292,28463
6200,בת ים ,53,חולון ,53,חולון ,0, ,160010,8419,21123,48445,21677,17445,42901
6400,הרצליה ,51,תל אביב ,57,הרצליה ,0, ,124147,9433,20583,40234,16002,10921,26974
6500,חדרה ,32,חדרה ,32,חדרה ,0, ,113802,9774,21332,38227,13475,10435,20559
6900,כפר סבא ,42,פתח תקווה ,47,כפר סבא ,0, ,111687,7533,21245,33372,15549,9375,24613
1200,מודיעין-מכבים-רעות ,43,רמלה ,43,רמלה ,0, ,108506,8267,26040,36161,16457,9530,12051
8700,רעננה ,42,פתח תקווה ,47,כפר סבא ,0, ,98465,7291,18289,30449,13143,9106,20187
7000,לוד ,43,רמלה ,43,רמלה ,0, ,95641,13019,21368,33014,9089,6626,12525
3797,מודיעין עילית ,74,ראמאללה ,11,ירושלים ,0, ,90479,18843,36762,27661,4902,1178,1133
8500,רמלה ,43,רמלה ,43,רמלה ,0, ,88100,9246,18315,31503,9456,7215,12365
7300,נצרת ,25,נצרת ,25,נוף הגליל ,0, ,82488,6820,16332,32888,9867,7595,8986
1161,רהט ,62,באר שבע ,62,באר שבע ,0, ,79626,14198,24600,31069,5431,2401,1927
2640,ראש העין ,42,פתח תקווה ,349,ראש העין ,0, ,78018,9611,17536,28530,7962,6468,7911
9100,נהריה ,24,עכו ,24,עכו ,0, ,76914,5189,12973,24916,10443,7731,15662
2630,קרית גת ,61,אשקלון ,61,אשקלון ,0, ,75344,10069,16162,26818,6463,5573,10259
3780,ביתר עילית ,76,בית לחם ,11,ירושלים ,0, ,73092,14888,26811,24411,4265,1510,1207
9700,הוד השרון ,42,פתח תקווה ,47,כפר סבא ,0, ,70380,5391,14955,21871,10333,6300,11530
2600,אילת ,62,באר שבע ,63,אילת ,0, ,69791,4533,10776,26321,9984,7511,10666
7700,עפולה ,23,עפולה ,23,עפולה ,0, ,69549,8243,13245,23916,7039,5692,11414
6800,קרית אתא ,31,חיפה ,27,קריות ,0, ,67318,5680,12095,22316,7819,6305,13103
6300,גבעתיים ,52,רמת גן ,52,רמת גן ,0, ,65421,5101,9924,24097,8401,5325,12573
2710,אום אל-פחם ,32,חדרה ,23,עפולה ,0, ,61180,6653,14996,25271,6642,4314,3304
7600,עכו ,24,עכו ,24,עכו ,0, ,60423,4611,10923,21649,6971,5826,10443
2660,יבנה ,44,רחובות ,44,רחובות ,0, ,59819,6828,14337,20864,6168,3881,7741
246,נתיבות ,62,באר שבע ,62,באר שבע ,0, ,56305,9644,14251,21675,4163,2902,3670
8200,קרית מוצקין ,31,חיפה ,27,קריות ,0, ,56071,4124,9196,18183,6864,4828,12876
1061,נוף הגליל ,25,נצרת ,25,נוף הגליל ,0, ,55693,4726,9166,18481,6681,5305,11334
6700,טבריה ,22,כנרת ,22,טבריה ,0, ,55689,7009,11071,18914,5578,4650,8467
1139,כרמיאל ,24,עכו ,20,כרמיאל ,0, ,55587,3530,9144,17750,7282,5399,12482
2650,רמת השרון ,51,תל אביב ,57,הרצליה ,0, ,52900,3387,10781,14088,8207,4865,11572
1309,אלעד ,42,פתח תקווה ,349,ראש העין ,0, ,50749,7729,18736,17834,3893,1376,1181
9500,קרית ביאליק ,31,חיפה ,27,קריות ,0, ,50641,3931,8532,16640,6103,4425,11010
9600,קרית ים ,31,חיפה ,27,קריות ,0, ,49448,2804,7039,15162,6207,5255,12981
7200,נס ציונה ,44,רחובות ,44,רחובות ,0, ,49430,3159,11530,14982,7981,3997,7781
7800,פרדס חנה-כרכור ,32,חדרה ,32,חדרה ,0, ,49156,4153,11382,15811,6809,4136,6865
2730,טייבה ,41,השרון ,41,נתניה ,0, ,48108,4744,11356,19683,5336,3757,3232
2620,קרית אונו ,52,רמת גן ,52,רמת גן ,0, ,47015,3537,10230,14214,7093,3783,8158
8800,שפרעם ,24,עכו ,25,נוף הגליל ,0, ,44131,3681,8901,18328,5431,4061,3729
2200,דימונה ,62,באר שבע ,62,באר שבע ,0, ,42913,4270,8083,15305,4832,3916,6507
8000,צפת ,21,צפת ,21,צפת ,0, ,42001,6183,10953,14068,3217,2750,4830
31,אופקים ,62,באר שבע ,62,באר שבע ,0, ,41388,6249,9784,15208,3430,2757,3960
2400,אור יהודה ,52,רמת גן ,52,רמת גן ,0, ,41119,4200,7764,14431,4551,3803,6370
3616,מעלה אדומים ,76,בית לחם ,11,ירושלים ,0, ,40641,3592,8530,14660,4674,3761,5424
1247,חריש ,32,חדרה ,32,חדרה ,0, ,39513,7880,10608,14649,2888,1458,2030
1031,שדרות ,61,אשקלון ,61,אשקלון ,0, ,38601,5032,7557,15485,3543,2959,4025
8900,טמרה ,24,עכו ,24,עכו ,0, ,37162,3632,8339,15495,4332,2875,2489
7500,סח'נין ,24,עכו ,24,עכו ,0, ,35421,3415,8267,14756,4191,2587,2205
0,לא רשום ,0,לא ידוע ,0, ,0, ,35141,5854,2691,1309,560,652,24075
2530,באר יעקב ,43,רמלה ,43,רמלה ,0, ,35060,4565,9451,12552,3736,1817,2939
2560,ערד ,62,באר שבע ,62,באר שבע ,0, ,34534,4624,6999,10803,3438,2750,5920
9400,יהוד-מונוסון ,42,פתח תקווה ,42,פתח תקוה ,0, ,33801,2604,6545,10726,4550,3105,6271
2100,טירת כרמל ,31,חיפה ,31,חיפה ,0, ,33357,3596,5961,11948,3538,2836,5478
6000,באקה אל-גרביה ,32,חדרה ,32,חדרה ,0, ,32476,3344,7662,13554,3566,2286,2064
874,מגדל העמק ,23,עפולה ,23,עפולה ,0, ,31483,2803,5961,10493,3637,2926,5663
2550,גדרה ,44,רחובות ,44,רחובות ,0, ,31346,2746,7908,10429,4578,2257,3428
681,גבעת שמואל ,42,פתח תקווה ,42,פתח תקוה ,0, ,31168,3195,7051,10829,3609,2043,4441
168,כפר יונה ,41,השרון ,41,נתניה ,0, ,30144,2990,7053,10308,4112,2268,3413
2720,טירה ,41,השרון ,41,נתניה ,0, ,29061,2763,6083,12188,3215,2397,2415
1034,קרית מלאכי ,61,אשקלון ,61,אשקלון ,0, ,28866,3732,6843,10437,2342,2095,3417
531,עראבה ,24,עכו ,24,עכו ,0, ,28669,2922,7038,12073,3105,1885,1646
1015,מבשרת ציון ,11,ירושלים ,11,ירושלים ,0, ,28360,2498,5241,9225,3273,2740,5383
240,יקנעם עילית ,23,עפולה ,23,עפולה ,0, ,27615,2046,5644,9602,4004,2528,3791
634,כפר קאסם ,42,פתח תקווה ,42,פתח תקוה ,0, ,26957,3173,6479,11395,2721,1803,1386
1020,אור עקיבא ,32,חדרה ,32,חדרה ,0, ,26831,2674,4888,9353,2944,2480,4492
9300,זכרון יעקב ,32,חדרה ,32,חדרה ,0, ,26671,1935,5908,8301,3675,2838,4014
2800,קרית שמונה ,21,צפת ,21,צפת ,0, ,26397,1939,4242,10259,2926,2599,4432
166,גן יבנה ,44,רחובות ,44,רחובות ,0, ,26351,1914,6139,9230,3979,2580,2509
229,גני תקווה ,42,פתח תקווה ,42,פתח תקוה ,0, ,26247,2432,6124,7963,3527,1894,4307
1063,מעלות-תרשיחא ,24,עכו ,24,עכו ,0, ,26024,1877,4815,8894,3251,2616,4571
638,קלנסווה ,41,השרון ,41,נתניה ,0, ,25092,2822,6249,10489,2487,1686,1359
509,כפר כנא ,25,נצרת ,25,נוף הגליל ,0, ,25065,2769,5987,10430,2589,1694,1596
1304,שוהם ,43,רמלה ,43,רמלה ,0, ,25030,2033,5008,8864,3416,3125,2584
2500,נשר ,31,חיפה ,31,חיפה ,0, ,24999,1532,3571,8388,3170,2741,5597
481,מגאר ,22,כנרת ,22,טבריה ,0, ,24862,2341,5215,10887,2825,1891,1703
3730,גבעת זאב ,74,ראמאללה ,11,ירושלים ,0, ,24634,4055,7134,8640,1605,1241,1959
1054,תל שבע ,62,באר שבע ,62,באר שבע ,0, ,23780,4532,7799,8876,1402,660,511
195,קדימה-צורן ,41,השרון ,41,נתניה ,0, ,23764,1637,5653,7786,3558,2588,2542
510,כפר מנדא ,24,עכו ,25,נוף הגליל ,0, ,22560,2620,5665,9869,2086,1301,1019
1303,חורה ,62,באר שבע ,62,באר שבע ,0, ,21899,4287,7412,7907,1292,546,455
1292,ג'דיידה-מכר ,24,עכו ,24,עכו ,0, ,21776,1882,4459,9211,2740,1941,1543
637,ערערה ,32,חדרה ,32,חדרה ,0, ,21769,2196,4915,8841,2555,1683,1579
3570,אריאל ,73,טול כרם ,48,אריאל ,0, ,21691,1577,3958,7717,2586,2229,3624
1059,כסיפה ,62,באר שבע ,62,באר שבע ,0, ,21663,4180,7010,8014,1294,667,498
9200,בית שאן ,23,עפולה ,23,עפולה ,0, ,21623,2277,4332,7895,2238,1973,2908
1192,ערערה-בנגב ,62,באר שבע ,62,באר שבע ,0, ,21469,3972,7091,8191,1265,524,426
654,כפר קרע ,32,חדרה ,32,חדרה ,0, ,21329,2262,4750,8847,2315,1638,1517
499,יפיע ,25,נצרת ,25,נוף הגליל ,0, ,20643,1969,4545,8517,2374,1676,1562
939,מסעודין אל-עזאזמה ,62,באר שבע ,62,באר שבע ,0, ,20625,4249,7095,7068,1163,516,534
2300,קרית טבעון ,31,חיפה ,31,חיפה ,0, ,20212,1389,3766,6062,2742,1942,4311
1060,לקיה ,62,באר שבע ,62,באר שבע ,0, ,18786,3575,5804,6983,1307,631,486
494,דאלית אל-כרמל ,31,חיפה ,31,חיפה ,0, ,18765,1542,3685,7419,2539,1758,1822
542,ריינה ,25,נצרת ,25,נוף הגליל ,0, ,17683,1585,3883,7363,2000,1498,1354
28,מזכרת בתיה ,44,רחובות ,44,רחובות ,0, ,17426,1230,4661,5614,2622,1378,1921
502,ירכא ,24,עכו ,24,עכו ,0, ,17022,1567,3815,7345,1894,1285,1116
9800,בנימינה-גבעת עדה ,32,חדרה ,32,חדרה ,0, ,16584,1132,4180,5278,2695,1476,1823
1327,מעלה עירון ,32,חדרה ,23,עפולה ,0, ,16497,1819,3785,6859,1827,1236,971
516,מג'ד אל-כרום ,24,עכו ,24,עכו ,0, ,16441,1369,3726,7109,1934,1227,1076
478,אכסאל ,23,עפולה ,23,עפולה ,0, ,16059,1655,3820,6733,1783,1139,929
541,ג'סר א-זרקא ,32,חדרה ,32,חדרה ,0, ,15983,1870,4373,6692,1574,844,630
154,תל מונד ,41,השרון ,41,נתניה ,0, ,15935,1138,3988,5127,2505,1581,1596
182,אבן יהודה ,41,השרון ,41,נתניה ,0, ,15635,910,3923,4607,2591,1277,2327
498,טורעאן ,25,נצרת ,25,נוף הגליל ,0, ,15588,1514,3766,6448,1696,1139,1025
922,רכסים ,31,חיפה ,27,קריות ,0, ,14891,3006,4796,4870,848,579,792
473,אבו סנאן ,24,עכו ,24,עכו ,0, ,14675,1378,2963,6216,1763,1151,1204
532,עין מאהל ,25,נצרת ,25,נוף הגליל ,0, ,14630,1520,3244,6174,1656,1111,925
522,נחף ,24,עכו ,20,כרמיאל ,0, ,14524,1548,3553,6277,1518,889,739
537,פוריידיס ,32,חדרה ,32,חדרה ,0, ,14172,1346,3459,5840,1606,1036,885
529,אעבלין ,24,עכו ,24,עכו ,0, ,14142,1228,3101,5821,1710,1179,1103
565,אזור ,53,חולון ,53,חולון ,0, ,13723,1218,2594,4479,1729,1199,2504
490,דייר אל-אסד ,24,עכו ,24,עכו ,0, ,13621,1293,3203,5826,1489,941,869
3650,אפרת ,76,בית לחם ,11,ירושלים ,0, ,13574,1455,4087,4789,1070,855,1318
1286,שגב-שלום ,62,באר שבע ,62,באר שבע ,0, ,13548,2455,4286,5244,858,402,303
628,ג'ת ,32,חדרה ,32,חדרה ,0, ,13370,1420,2953,5544,1332,1104,1017
504,כאבול ,24,עכו ,24,עכו ,0, ,13364,1315,3125,5616,1554,989,765
534,עספיא ,31,חיפה ,31,חיפה ,0, ,13227,984,2547,5235,1782,1225,1454
480,בית ג'ן ,24,עכו ,20,כרמיאל ,0, ,12974,1114,2537,5602,1550,1056,1115
1268,מיתר ,62,באר שבע ,62,באר שבע ,0, ,12610,909,3602,4203,1710,888,1298
831,ירוחם ,62,באר שבע ,62,באר שבע ,0, ,12577,1455,3030,4486,1230,1003,1373
963,אעצם )שבט( ,62,באר שבע ,62,באר שבע ,0, ,12560,2749,4334,4318,605,312,242
1326,"בסמ""ה ",32,חדרה ,32,חדרה ,0, ,12224,1481,3087,5086,1197,736,637
4201,מג'דל שמס ,29,גולן ,21,צפת ,0, ,11881,786,2388,4767,1879,1007,1054
53,עתלית ,32,חדרה ,32,חדרה ,15,חוף הכרמל ,11763,1256,3162,3814,1491,693,1347
961,אבו רוקייק )שבט( ,62,באר שבע ,62,באר שבע ,0, ,11468,2228,3794,4131,652,336,327
627,ג'לג'וליה ,42,פתח תקווה ,47,כפר סבא ,0, ,11424,1288,2782,4720,1201,746,687
492,דייר חנא ,24,עכו ,24,עכו ,0, ,11412,982,2421,4897,1308,952,852
2034,חצור הגלילית ,21,צפת ,21,צפת ,0, ,11384,1428,2507,3942,1026,944,1537
507,כפר יאסיף ,24,עכו ,24,עכו ,0, ,11308,881,2187,4623,1367,1040,1210
489,דבוריה ,23,עפולה ,23,עפולה ,0, ,11247,1073,2508,4625,1281,964,796
469,קרית עקרון ,44,רחובות ,44,רחובות ,0, ,11214,952,2149,3931,1252,1111,1819
998,ביר אל-מכסור ,24,עכו ,25,נוף הגליל ,0, ,11165,1197,2750,4643,1129,760,686
482,בועיינה-נוג'ידאת ,25,נצרת ,25,נוף הגליל ,0, ,11034,1142,2641,4852,1171,681,547
3640,קרני שומרון ,73,טול כרם ,48,אריאל ,0, ,11006,1424,2941,3936,840,699,1166
1113,צור הדסה ,11,ירושלים ,13,בית שמש ,0, ,10986,1150,3125,3719,1310,797,885
1224,כוכב יאיר ,42,פתח תקווה ,47,כפר סבא ,0, ,10483,615,2182,3231,1312,1335,1808
3760,אורנית ,73,טול כרם ,349,ראש העין ,0, ,10178,729,2607,3255,1553,903,1131
966,אבו רובייעה )שבט( ,62,באר שבע ,62,באר שבע ,0, ,10006,2114,3351,3455,531,282,273
1296,כסרא-סמיע ,24,עכו ,24,עכו ,0, ,9621,1048,2355,4138,989,598,493
520,משהד ,25,נצרת ,25,נוף הגליל ,0, ,9415,1041,2309,4048,876,587,554
4100,קצרין ,29,גולן ,22,טבריה ,0, ,9386,715,1893,3065,1147,886,1680
975,זרזיר ,23,עפולה ,23,עפולה ,0, ,9311,1006,2412,3872,960,588,473
511,עילוט ,25,נצרת ,25,נוף הגליל ,0, ,9301,1079,2316,3924,991,568,423
666,עומר ,62,באר שבע ,62,באר שבע ,0, ,9143,487,1994,2626,1334,805,1897
3826,שער שומרון ,73,טול כרם ,349,ראש העין ,0, ,9053,797,2524,3203,1081,642,806
483,בענה ,24,עכו ,24,עכו ,0, ,8877,765,2008,3821,1072,650,561
472,אבו גוש ,11,ירושלים ,11,ירושלים ,0, ,8828,933,2019,3550,916,698,712
812,שלומי ,24,עכו ,24,עכו ,0, ,8801,704,1760,3215,1238,804,1080
543,ראמה ,24,עכו ,20,כרמיאל ,0, ,8718,603,1609,3447,1076,815,1168
3750,אלפי מנשה ,73,טול כרם ,349,ראש העין ,0, ,8655,534,2050,2781,1476,738,1076
122,רמת ישי ,23,עפולה ,23,עפולה ,0, ,8481,591,1811,2771,1121,725,1462
944,בסמת טבעון ,23,עפולה ,23,עפולה ,0, ,8420,846,1833,3506,984,677,574
171,פרדסיה ,41,השרון ,41,נתניה ,0, ,8388,731,1899,2786,997,754,1221
3611,קרית ארבע ,77,חברון ,11,ירושלים ,0, ,8358,1069,2142,3027,688,462,970
696,"כפר חב""ד ",43,רמלה ,43,רמלה ,40,שדות דן ,8110,1230,2460,2762,617,390,651
538,שעב ,24,עכו ,24,עכו ,0, ,8010,874,1757,3406,910,644,419
1290,זמר ,41,השרון ,41,נתניה ,0, ,8007,875,1866,3276,807,598,585
1271,להבים ,62,באר שבע ,62,באר שבע ,0, ,7822,564,1647,2454,923,786,1448
1137,קרית יערים ,11,ירושלים ,13,בית שמש ,0, ,7714,1538,2447,2646,369,308,406
466,בית דגן ,43,רמלה ,43,רמלה ,0, ,7651,638,1511,2710,988,796,1008
1345,צור יצחק ,42,פתח תקווה ,47,כפר סבא ,20,דרום השרון ,7556,857,2481,2479,950,284,505
968,אבו קורינאת )שבט( ,62,באר שבע ,62,באר שבע ,0, ,7544,1626,2498,2597,428,193,202
1167,קיסריה ,32,חדרה ,32,חדרה ,15,חוף הכרמל ,7510,436,1421,2190,1024,960,1479
962,טובא-זנגריה ,21,צפת ,21,צפת ,0, ,7353,783,1707,3125,832,502,404
1066,"בני עי""ש ",44,רחובות ,44,רחובות ,0, ,7300,548,1140,2328,830,840,1614
3815,תל ציון ,74,ראמאללה ,11,ירושלים ,73,מטה בנימין ,7248,1726,2509,2463,373,76,101
1295,יאנוח-ג'ת ,24,עכו ,24,עכו ,0, ,7122,635,1576,3066,862,500,483
496,חורפיש ,24,עכו ,24,עכו ,0, ,7079,668,1461,3038,852,538,522
4001,בוקעאתא ,29,גולן ,21,צפת ,0, ,7073,559,1481,2928,997,527,581
913,שבלי - אום אל-גנם ,23,עפולה ,23,עפולה ,0, ,7020,662,1765,2798,814,514,467
485,ג'ולס ,24,עכו ,24,עכו ,0, ,6961,611,1282,2984,888,608,588
3574,בית אל ,74,ראמאללה ,11,ירושלים ,0, ,6664,1040,1863,2410,495,362,494
978,כעביה-טבאש-חג'אג'רה ,25,נצרת ,25,נוף הגליל ,0, ,6532,750,1644,2715,646,441,336
536,פקיעין )בוקייעה( ,24,עכו ,24,עכו ,0, ,6371,478,1194,2682,764,594,659
3763,גבע בנימין ,74,ראמאללה ,11,ירושלים ,73,מטה בנימין ,6329,776,1839,2330,658,371,355
3788,טלמון ,74,ראמאללה ,11,ירושלים ,73,מטה בנימין ,6292,1039,2464,2071,511,167,40
1263,כפר ורדים ,24,עכו ,24,עכו ,0, ,6245,263,1251,1863,889,685,1294
530,עיילבון ,22,כנרת ,22,טבריה ,0, ,5987,473,1189,2414,703,524,684
3641,שילה ,74,ראמאללה ,11,ירושלים ,73,מטה בנימין ,5929,1156,2249,1949,274,118,183
3652,בית אריה ,74,ראמאללה ,349,ראש העין ,0, ,5921,459,1467,2066,884,528,517
99,מצפה רמון ,62,באר שבע ,62,באר שבע ,0, ,5873,732,1164,2344,545,419,669
3660,עמנואל ,73,טול כרם ,349,ראש העין ,0, ,5786,1267,1696,2021,304,207,291
3727,עלי זהב ,73,טול כרם ,48,אריאל ,72,שומרון ,5584,1122,2222,1878,235,68,59
1319,בת חפר ,41,השרון ,41,נתניה ,16,עמק חפר ,5521,257,1123,2016,947,772,406
967,אבו ג'ווייעד )שבט( ,62,באר שבע ,62,באר שבע ,0, ,5387,1212,1853,1755,293,124,150
587,סביון ,42,פתח תקווה ,42,פתח תקוה ,0, ,5327,231,1021,1382,785,685,1223
1358,אום בטין ,62,באר שבע ,62,באר שבע ,69,אל קסום ,5129,1039,1524,2040,278,149,99
3638,כפר אדומים ,74,ראמאללה ,11,ירושלים ,73,מטה בנימין ,5129,601,1633,1799,551,292,253
46,יבנאל ,22,כנרת ,22,טבריה ,0, ,4922,658,1515,1555,405,333,456
47,כפר תבור ,22,כנרת ,22,טבריה ,0, ,4897,318,1162,1498,676,492,751
3563,תקוע ,76,בית לחם ,11,ירושלים ,76,גוש עציון ,4892,636,1790,1643,370,167,286
3557,קדומים ,73,טול כרם ,47,כפר סבא ,0, ,4876,556,1576,1636,430,187,491
3765,עלי ,72,שכם ,48,אריאל ,73,מטה בנימין ,4700,851,1433,1741,323,167,185
635,מוקייבלה ,23,עפולה ,23,עפולה ,8,הגלבוע ,4698,630,1167,1936,468,280,217
525,סאג'ור ,24,עכו ,20,כרמיאל ,0, ,4634,445,917,2116,573,296,287
3560,אלקנה ,73,טול כרם ,349,ראש העין ,0, ,4589,611,1113,1599,409,241,616
577,יד בנימין ,44,רחובות ,44,רחובות ,31,נחל שורק ,4545,546,1451,1612,526,210,200
3769,הר אדר ,74,ראמאללה ,11,ירושלים ,0, ,4458,244,1005,1361,762,484,602
1359,אל סייד ,62,באר שבע ,62,באר שבע ,69,אל קסום ,4403,943,1220,1759,253,141,87
633,כפר ברא ,42,פתח תקווה ,42,פתח תקוה ,0, ,4383,593,1081,1847,413,259,190
4203,מסעדה ,29,גולן ,21,צפת ,0, ,4326,342,1018,1670,630,318,348
517,מזרעה ,24,עכו ,24,עכו ,0, ,4302,436,789,1845,420,422,390
521,עין נקובא ,11,ירושלים ,11,ירושלים ,26,מטה יהודה ,4183,564,1157,1746,366,198,152
505,כאוכב אבו אל-היג'א ,24,עכו ,24,עכו ,0, ,4151,358,938,1694,527,315,319
1245,סלמה ,24,עכו ,20,כרמיאל ,56,משגב ,3933,489,947,1673,422,208,194
3779,כוכב יעקב ,74,ראמאללה ,11,ירושלים ,73,מטה בנימין ,3729,526,1002,1480,286,235,200
508,כפר כמא ,22,כנרת ,22,טבריה ,0, ,3706,331,652,1497,405,305,516
41,אליכין ,41,השרון ,32,חדרה ,0, ,3688,298,743,1261,426,425,535
528,עוזייר ,25,נצרת ,25,נוף הגליל ,65,אל-בטוף ,3650,489,868,1562,364,201,166
3823,גני מודיעין ,74,ראמאללה ,11,ירושלים ,73,מטה בנימין ,3636,455,1060,1404,288,211,218
535,פסוטה ,24,עכו ,24,עכו ,0, ,3634,231,666,1438,484,354,461
965,אטרש )שבט( ,62,באר שבע ,62,באר שבע ,0, ,3513,13,1638,1513,194,88,67
1348,ביר הדאג' ,62,באר שבע ,62,באר שבע ,68,נווה מדבר ,3506,814,1108,1200,206,104,74
1315,מתן ,42,פתח תקווה ,42,פתח תקוה ,20,דרום השרון ,3457,155,731,1200,514,592,265
26,ראש פינה ,21,צפת ,21,צפת ,0, ,3453,216,680,1134,459,338,626
518,מעיליא ,24,עכו ,24,עכו ,0, ,3442,238,574,1279,518,321,512
487,ג'ש )גוש חלב( ,21,צפת ,21,צפת ,0, ,3439,252,584,1328,453,378,444
3726,נוקדים ,76,בית לחם ,11,ירושלים ,76,גוש עציון ,3413,622,1096,1209,242,108,136
3604,אלון שבות ,76,בית לחם ,11,ירושלים ,76,גוש עציון ,3412,349,796,1287,351,253,376
3795,רבבה ,72,שכם ,48,אריאל ,72,שומרון ,3321,510,1268,1147,278,94,24
3710,ברכה ,72,שכם ,48,אריאל ,72,שומרון ,3307,619,1268,1113,159,71,77
3617,עופרה ,74,ראמאללה ,11,ירושלים ,73,מטה בנימין ,3250,327,886,1219,350,226,242
1243,קציר ,32,חדרה ,32,חדרה ,14,מנשה ,3194,186,723,1058,465,422,340
526,סולם ,23,עפולה ,23,עפולה ,66,בוסתאן אל-מרג' ,3166,328,705,1324,348,233,228
658,שייח' דנון ,24,עכו ,24,עכו ,4,מטה אשר ,3162,320,674,1369,367,228,204
1347,קצר א-סר ,62,באר שבע ,62,באר שבע ,68,נווה מדבר ,3116,682,905,1185,202,82,60
1375,אבו תלול ,62,באר שבע ,62,באר שבע ,68,נווה מדבר ,3096,687,988,1111,184,70,56
1098,מרכז שפירא ,61,אשקלון ,61,אשקלון ,34,שפיר ,3015,455,865,984,222,211,278
652,אבטין ,31,חיפה ,31,חיפה ,12,זבולון ,3004,333,695,1239,312,232,193
3770,חשמונאים ,74,ראמאללה ,11,ירושלים ,73,מטה בנימין ,2974,268,549,1127,266,333,431
512,כפר מצר ,25,נצרת ,23,עפולה ,66,בוסתאן אל-מרג' ,2939,315,665,1246,332,209,172
3647,יקיר ,73,טול כרם ,48,אריאל ,72,שומרון ,2938,432,1037,1012,242,88,127
3787,נעלה ,74,ראמאללה ,11,ירושלים ,73,מטה בנימין ,2933,228,911,973,516,143,162
4501,ע'ג'ר ,29,גולן ,21,צפת ,0, ,2928,309,713,1310,312,153,131
3564,כוכב השחר ,74,ראמאללה ,11,ירושלים ,73,מטה בנימין ,2901,502,1013,986,160,130,110
3618,אלעזר ,76,בית לחם ,11,ירושלים ,76,גוש עציון ,2899,333,832,1033,367,172,162
1274,גן נר ,23,עפולה ,23,עפולה ,8,הגלבוע ,2841,155,546,1080,377,368,315
3576,מצפה יריחו ,75,ירדן )יריחו( ,11,ירושלים ,73,מטה בנימין ,2834,434,924,1006,179,110,181
3791,צופים ,73,טול כרם ,42,פתח תקוה ,72,שומרון ,2830,363,804,1037,286,181,159
276,צור משה ,41,השרון ,41,נתניה ,18,לב השרון ,2820,168,686,875,564,275,252
147,גבעת ברנר ,44,רחובות ,44,רחובות ,28,ברנר ,2787,143,615,757,540,230,502
3744,ברוכין ,73,טול כרם ,48,אריאל ,72,שומרון ,2749,625,1062,903,132,5,22
3725,נווה דניאל ,76,בית לחם ,11,ירושלים ,76,גוש עציון ,2746,286,800,1004,265,206,185
3709,מבוא חורון ,74,ראמאללה ,43,רמלה ,73,מטה בנימין ,2718,324,1086,862,284,56,106
1330,אחוזת ברק ,23,עפולה ,23,עפולה ,9,עמק יזרעאל ,2682,171,662,927,426,267,229
964,קודייראת א-צאנע)שבט( ,62,באר שבע ,62,באר שבע ,0, ,2680,18,1124,1169,202,79,88
351,ניצן ,61,אשקלון ,61,אשקלון ,36,חוף אשקלון ,2655,255,806,932,244,201,217
3793,אבני חפץ ,73,טול כרם ,41,נתניה ,72,שומרון ,2654,449,737,1039,223,145,61
1360,סעוה ,62,באר שבע ,62,באר שבע ,69,אל קסום ,2644,593,788,945,202,75,41
1284,נופית ,31,חיפה ,31,חיפה ,12,זבולון ,2634,112,546,851,429,316,380
524,נאעורה ,23,עפולה ,23,עפולה ,8,הגלבוע ,2623,279,684,1086,270,160,144
267,כפר שמריהו ,51,תל אביב ,57,הרצליה ,0, ,2573,129,467,685,335,281,676
4502,עין קנייא ,29,גולן ,21,צפת ,0, ,2558,225,565,1034,350,192,192
1337,שמשית ,23,עפולה ,23,עפולה ,9,עמק יזרעאל ,2499,78,498,923,509,372,119
3749,יצהר ,72,שכם ,48,אריאל ,72,שומרון ,2483,632,924,783,96,28,20
997,רומת הייב ,25,נצרת ,25,נוף הגליל ,65,אל-בטוף ,2436,313,592,1003,230,149,149
694,מעגן מיכאל ,32,חדרה ,32,חדרה ,15,חוף הכרמל ,2433,194,470,929,265,197,378
1376,באר גנים ,62,באר שבע ,61,אשקלון ,36,חוף אשקלון ,2423,333,776,831,168,121,194
3659,פסגות ,74,ראמאללה ,11,ירושלים ,73,מטה בנימין ,2381,455,757,838,151,72,108
326,בית יצחק-שער חפר ,41,השרון ,41,נתניה ,16,עמק חפר ,2379,191,521,667,339,189,472
3796,כפר האורנים ,74,ראמאללה ,11,ירושלים ,73,מטה בנימין ,2377,64,563,832,467,354,97
1050,בית חשמונאי ,43,רמלה ,43,רמלה ,30,גזר ,2335,117,655,713,462,203,185
1293,גבעת אבני ,22,כנרת ,22,טבריה ,3,הגליל התחתון ,2322,146,472,798,302,280,324
43,מטולה ,21,צפת ,21,צפת ,0, ,2308,146,252,1189,213,187,321
3768,פדואל ,73,טול כרם ,48,אריאל ,72,שומרון ,2307,312,824,812,191,106,62
709,תפרח ,62,באר שבע ,62,באר שבע ,42,מרחבים ,2286,361,833,681,172,82,157
3654,ברקן ,73,טול כרם ,48,אריאל ,72,שומרון ,2277,187,521,776,371,179,243
3655,"ניל""י ",74,ראמאללה ,43,רמלה ,73,מטה בנימין ,2251,186,659,771,316,176,143
1310,לפיד ,43,רמלה ,43,רמלה ,25,חבל מודיעין ,2238,102,406,805,305,419,201
1169,הוואשלה )שבט( ,62,באר שבע ,62,באר שבע ,0, ,2226,24,989,940,142,71,60
3651,מעלה מכמש ,74,ראמאללה ,11,ירושלים ,73,מטה בנימין ,2214,329,720,791,185,106,83
1333,נוף איילון ,43,רמלה ,43,רמלה ,30,גזר ,2212,175,455,843,193,322,224
65,מגדל ,22,כנרת ,22,טבריה ,0, ,2197,194,484,755,229,226,309
1186,הושעיה ,23,עפולה ,23,עפולה ,9,עמק יזרעאל ,2193,197,582,752,252,209,201
649,מייסר ,32,חדרה ,32,חדרה ,14,מנשה ,2183,214,523,880,265,149,152
2038,ברקת ,42,פתח תקווה ,42,פתח תקוה ,25,חבל מודיעין ,2154,356,560,786,147,153,152
523,ניין ,23,עפולה ,23,עפולה ,66,בוסתאן אל-מרג' ,2142,237,429,910,237,168,161
1288,גבעת אלה ,23,עפולה ,23,עפולה ,9,עמק יזרעאל ,2115,153,446,637,248,192,439
763,שתולים ,61,אשקלון ,61,אשקלון ,33,באר טוביה ,2090,208,412,773,235,240,222
497,טייבה )בעמק( ,23,עפולה ,23,עפולה ,8,הגלבוע ,2082,252,508,886,202,128,106
797,אחיעזר ,43,רמלה ,43,רמלה ,40,שדות דן ,2074,314,522,701,160,182,195
3579,אלון מורה ,72,שכם ,48,אריאל ,72,שומרון ,2070,420,680,695,89,56,130
447,נורדיה ,41,השרון ,41,נתניה ,18,לב השרון ,2039,151,339,493,201,168,687
661,שער אפרים ,41,השרון ,41,נתניה ,18,לב השרון ,2036,134,516,664,346,202,174
158,נען ,43,רמלה ,43,רמלה ,30,גזר ,2029,173,460,614,310,123,349
3794,בת עין ,76,בית לחם ,11,ירושלים ,76,גוש עציון ,2019,348,634,717,139,92,89
400,אבן שמואל ,61,אשקלון ,61,אשקלון ,34,שפיר ,2001,214,668,675,237,73,134
636,צנדלה ,23,עפולה ,23,עפולה ,8,הגלבוע ,1994,195,436,823,191,169,180
190,כפר ויתקין ,41,השרון ,41,נתניה ,16,עמק חפר ,1977,139,403,653,291,213,278
1199,עדי ,24,עכו ,24,עכו ,9,עמק יזרעאל ,1976,109,418,641,273,270,265
1264,כרמי יוסף ,43,רמלה ,43,רמלה ,30,גזר ,1976,176,385,583,203,173,456
1368,בני דקלים ,61,אשקלון ,61,אשקלון ,50,לכיש ,1976,299,879,602,97,54,45
3643,חיננית ,71,ג'נין ,32,חדרה ,72,שומרון ,1960,267,683,670,177,97,66
1170,סייד )שבט( ,62,באר שבע ,62,באר שבע ,0, ,1898,15,979,739,63,46,56
96,יגור ,31,חיפה ,31,חיפה ,12,זבולון ,1883,130,350,640,276,137,350
1140,מדרשת בן גוריון ,62,באר שבע ,62,באר שבע ,48,רמת נגב ,1870,117,487,600,322,156,188
3608,מעלה אפרים ,75,ירדן )יריחו( ,23,עפולה ,0, ,1849,236,450,613,151,161,238
1178,מורשת ,24,עכו ,20,כרמיאל ,56,משגב ,1780,154,532,626,203,155,110
993,חמאם ,22,כנרת ,22,טבריה ,65,אל-בטוף ,1769,183,360,759,200,149,118
29,יסוד המעלה ,21,צפת ,21,צפת ,0, ,1765,116,316,615,244,195,279
547,טמרה )יזרעאל( ,23,עפולה ,23,עפולה ,8,הגלבוע ,1743,172,440,715,202,102,112
4005,חספין ,29,גולן ,22,טבריה ,71,גולן ,1738,224,603,574,140,90,107
1246,עראמשה ,24,עכו ,24,עכו ,4,מטה אשר ,1736,173,421,696,190,118,138
206,רמות השבים ,42,פתח תקווה ,47,כפר סבא ,20,דרום השרון ,1726,146,338,534,236,177,295
574,גשר הזיו ,24,עכו ,24,עכו ,4,מטה אשר ,1726,55,397,561,319,193,201
956,הוזייל )שבט( ,62,באר שבע ,62,באר שבע ,0, ,1718,326,498,537,128,123,106
1331,כמאנה ,24,עכו ,20,כרמיאל ,56,משגב ,1710,183,398,732,188,109,100
615,קדרון ,44,רחובות ,44,רחובות ,28,ברנר ,1703,101,386,527,267,181,241
3756,סוסיה ,77,חברון ,11,ירושלים ,78,הר חברון ,1702,311,554,628,72,80,57
3603,הר גילה ,76,בית לחם ,11,ירושלים ,76,גוש עציון ,1694,125,488,571,235,95,180
976,ג'נאביב )שבט( ,62,באר שבע ,62,באר שבע ,0, ,1674,395,548,537,106,42,46
3747,דולב ,74,ראמאללה ,11,ירושלים ,73,מטה בנימין ,1671,251,534,597,111,103,75
208,מוצא עילית ,11,ירושלים ,11,ירושלים ,26,מטה יהודה ,1668,104,294,470,201,178,421
2055,מאור ,32,חדרה ,32,חדרה ,14,מנשה ,1666,179,436,562,233,132,124
157,עין ורד ,41,השרון ,41,נתניה ,18,לב השרון ,1657,99,394,506,280,156,222
736,גילת ,62,באר שבע ,62,באר שבע ,42,מרחבים ,1657,159,404,590,205,130,169
1105,פוריה - נווה עובד ,22,כנרת ,22,טבריה ,6,עמק הירדן ,1649,201,352,590,164,125,217
1244,תמרת ,23,עפולה ,23,עפולה ,9,עמק יזרעאל ,1649,178,293,492,155,140,391
3762,איתמר ,72,שכם ,48,אריאל ,72,שומרון ,1641,315,588,550,83,63,42
1342,אבו קרינאת )יישוב( ,62,באר שבע ,62,באר שבע ,68,נווה מדבר ,1630,357,416,694,106,29,28
3781,קדר ,76,בית לחם ,11,ירושלים ,76,גוש עציון ,1629,171,381,617,241,136,83
994,מנשית זבדה ,25,נצרת ,23,עפולה ,9,עמק יזרעאל ,1621,243,416,646,141,110,65
562,בית אלעזרי ,44,רחובות ,44,רחובות ,28,ברנר ,1606,114,403,486,255,115,233
3567,סלעית ,73,טול כרם ,42,פתח תקוה ,72,שומרון ,1592,137,581,445,241,76,112
880,עין שריד ,41,השרון ,41,נתניה ,18,לב השרון ,1585,130,352,533,186,179,205
232,שפיים ,41,השרון ,41,נתניה ,19,חוף השרון ,1572,147,315,495,223,123,269
3572,כפר תפוח ,73,טול כרם ,48,אריאל ,72,שומרון ,1561,294,544,557,75,23,68
1145,אלומה ,61,אשקלון ,61,אשקלון ,34,שפיר ,1560,325,580,494,56,56,49
579,כפר ראש הנקרה ,24,עכו ,24,עכו ,4,מטה אשר ,1550,75,339,489,249,166,232
382,מכמורת ,41,השרון ,41,נתניה ,16,עמק חפר ,1549,100,348,442,237,129,293
242,בית השיטה ,23,עפולה ,23,עפולה ,8,הגלבוע ,1546,88,355,395,256,141,311
59,נחושה ,11,ירושלים ,13,בית שמש ,26,מטה יהודה ,1536,97,557,517,250,58,57
3715,עלמון ,74,ראמאללה ,11,ירושלים ,73,מטה בנימין ,1535,137,385,570,191,135,117
710,בית זית ,11,ירושלים ,11,ירושלים ,26,מטה יהודה ,1528,114,270,497,180,173,294
856,שעלבים ,43,רמלה ,43,רמלה ,30,גזר ,1523,166,532,512,196,55,62
1082,מעגלים ,62,באר שבע ,62,באר שבע ,39,שדות נגב ,1515,142,305,606,144,204,114
739,שדה עוזיהו ,61,אשקלון ,61,אשקלון ,33,באר טוביה ,1513,164,357,535,143,138,176
563,משמר דוד ,43,רמלה ,43,רמלה ,30,גזר ,1504,131,578,426,243,44,82
187,כפר הס ,41,השרון ,41,נתניה ,18,לב השרון ,1488,97,323,468,225,198,177
249,כפר סירקין ,42,פתח תקווה ,42,פתח תקוה ,20,דרום השרון ,1487,92,401,397,260,134,203
2018,גבעת חיים )איחוד( ,41,השרון ,41,נתניה ,16,עמק חפר ,1487,114,324,404,226,96,323
3573,נוה צוף ,74,ראמאללה ,11,ירושלים ,73,מטה בנימין ,1484,202,426,526,114,81,135
241,יקנעם )מושבה( ,23,עפולה ,23,עפולה ,13,מגידו ,1481,123,314,441,209,104,290
445,רמות מנשה ,23,עפולה ,23,עפולה ,13,מגידו ,1481,90,383,454,274,104,176
282,שבי ציון ,24,עכו ,24,עכו ,4,מטה אשר ,1469,107,370,435,255,90,212
3575,בית חורון ,74,ראמאללה ,11,ירושלים ,73,מטה בנימין ,1467,153,476,481,157,82,118
3754,אספר ,77,חברון ,11,ירושלים ,76,גוש עציון ,1467,387,509,492,36,20,23
1181,טל-אל ,24,עכו ,20,כרמיאל ,56,משגב ,1462,93,365,480,209,159,156
1313,פוריה עילית ,22,כנרת ,22,טבריה ,6,עמק הירדן ,1462,129,315,518,166,130,204
449,נחלים ,42,פתח תקווה ,42,פתח תקוה ,25,חבל מודיעין ,1460,184,366,460,137,83,230
917,עצמון שגב ,24,עכו ,20,כרמיאל ,56,משגב ,1455,92,366,474,203,166,154
274,כפר מנחם ,61,אשקלון ,61,אשקלון ,35,יואב ,1447,67,406,376,315,116,167
1343,מכחול ,62,באר שבע ,62,באר שבע ,69,אל קסום ,1447,298,411,556,94,44,44
817,עזריקם ,61,אשקלון ,61,אשקלון ,33,באר טוביה ,1446,142,338,519,141,145,161
1234,קבועה )שבט( ,62,באר שבע ,62,באר שבע ,0, ,1439,14,541,671,107,54,52
3790,נופים ,73,טול כרם ,48,אריאל ,72,שומרון ,1434,247,449,495,94,67,82
66,מרחביה )קיבוץ( ,23,עפולה ,23,עפולה ,9,עמק יזרעאל ,1427,94,348,430,224,96,235
130,משמר העמק ,23,עפולה ,23,עפולה ,13,מגידו ,1426,99,255,422,219,142,289
1346,תראבין א-צאנע)ישוב( ,62,באר שבע ,62,באר שבע ,69,אל קסום ,1424,284,426,551,95,29,39
825,נס הרים ,11,ירושלים ,13,בית שמש ,26,מטה יהודה ,1419,85,458,446,237,84,109
436,עין דור ,23,עפולה ,23,עפולה ,9,עמק יזרעאל ,1417,83,341,393,193,117,290
284,שדה ורבורג ,42,פתח תקווה ,47,כפר סבא ,20,דרום השרון ,1409,91,312,411,252,133,210
767,פורת ,41,השרון ,41,נתניה ,18,לב השרון ,1403,149,312,491,164,151,136
375,מגל ,32,חדרה ,32,חדרה ,14,מנשה ,1402,81,385,386,292,96,162
175,אביחיל ,41,השרון ,41,נתניה ,16,עמק חפר ,1398,100,312,401,192,125,268
1226,יובלים ,24,עכו ,20,כרמיאל ,56,משגב ,1396,75,293,424,208,126,270
176,אפיקים ,22,כנרת ,22,טבריה ,6,עמק הירדן ,1393,70,244,396,211,126,346
588,בני ראם ,44,רחובות ,44,רחובות ,31,נחל שורק ,1393,128,350,487,190,103,135
3653,מעלה עמוס ,76,בית לחם ,11,ירושלים ,76,גוש עציון ,1389,382,419,506,35,26,21
213,משמרות ,32,חדרה ,32,חדרה ,14,מנשה ,1388,90,508,375,261,61,93
80,נהלל ,23,עפולה ,23,עפולה ,9,עמק יזרעאל ,1386,169,336,454,157,89,181
757,מצליח ,43,רמלה ,43,רמלה ,30,גזר ,1369,141,280,489,122,141,196
247,רשפון ,41,השרון ,41,נתניה ,19,חוף השרון ,1363,122,331,394,212,120,184
162,חירות ,41,השרון ,41,נתניה ,18,לב השרון ,1358,76,313,417,222,159,171
514,עין ראפה ,11,ירושלים ,11,ירושלים ,26,מטה יהודה ,1357,136,338,569,136,89,89
325,מצובה ,24,עכו ,24,עכו ,4,מטה אשר ,1346,50,338,422,257,98,181
103,תל עדשים ,23,עפולה ,23,עפולה ,9,עמק יזרעאל ,1342,86,362,410,234,115,135
294,אילון ,24,עכו ,24,עכו ,4,מטה אשר ,1342,79,332,425,224,98,184
539,רומאנה ,25,נצרת ,25,נוף הגליל ,65,אל-בטוף ,1342,144,341,616,120,76,45
4015,בני יהודה ,29,גולן ,22,טבריה ,71,גולן ,1342,84,297,431,173,141,216
700,חצב ,61,אשקלון ,61,אשקלון ,33,באר טוביה ,1340,125,332,436,157,124,166
356,הגושרים ,21,צפת ,21,צפת ,1,הגליל העליון ,1338,129,274,521,146,110,158
134,יפעת ,23,עפולה ,23,עפולה ,9,עמק יזרעאל ,1331,79,323,382,220,93,234
395,משמר הנגב ,62,באר שבע ,62,באר שבע ,41,בני שמעון ,1330,104,299,371,180,111,265
540,ריחאניה ,21,צפת ,21,צפת ,2,מרום הגליל ,1324,110,252,528,161,118,155
1344,גבעות בר ,62,באר שבע ,62,באר שבע ,41,בני שמעון ,1321,71,515,408,244,49,34
178,רמת יוחנן ,31,חיפה ,27,קריות ,12,זבולון ,1313,124,251,480,133,107,218
21,באר אורה ,62,באר שבע ,63,אילת ,53,חבל אילות ,1312,82,430,403,269,76,52
331,ניר צבי ,43,רמלה ,43,רמלה ,40,שדות דן ,1312,92,311,382,193,89,245
804,אחיסמך ,43,רמלה ,43,רמלה ,25,חבל מודיעין ,1310,126,314,466,130,126,148
250,הזורע ,23,עפולה ,23,עפולה ,13,מגידו ,1306,86,196,387,165,98,374
1080,מבועים ,62,באר שבע ,62,באר שבע ,42,מרחבים ,1298,133,261,484,141,166,113
173,גבעת חיים )מאוחד( ,41,השרון ,41,נתניה ,16,עמק חפר ,1296,89,253,376,208,95,275
1191,בר יוחאי ,21,צפת ,21,צפת ,2,מרום הגליל ,1290,150,395,478,154,72,41
95,בית אלפא ,23,עפולה ,23,עפולה ,8,הגלבוע ,1289,130,275,454,123,87,220
48,מנחמיה ,22,כנרת ,22,טבריה ,7,עמק המעיינות ,1288,100,221,437,148,122,260
155,באר טוביה ,61,אשקלון ,61,אשקלון ,33,באר טוביה ,1288,83,365,372,202,110,156
567,צרעה ,11,ירושלים ,13,בית שמש ,26,מטה יהודה ,1288,84,209,344,225,89,337
1204,גילון ,24,עכו ,20,כרמיאל ,56,משגב ,1285,86,276,435,185,158,145
309,נהורה ,61,אשקלון ,61,אשקלון ,50,לכיש ,1281,87,278,483,144,135,154
456,שורש ,11,ירושלים ,13,בית שמש ,26,מטה יהודה ,1280,70,175,262,111,111,551
686,נווה ימין ,42,פתח תקווה ,47,כפר סבא ,20,דרום השרון ,1279,109,215,433,170,126,226
140,כפר יהושע ,23,עפולה ,23,עפולה ,9,עמק יזרעאל ,1278,101,280,409,181,141,166
217,"כפר הרא""ה ",41,השרון ,32,חדרה ,16,עמק חפר ,1275,141,362,392,148,74,158
462,טל שחר ,11,ירושלים ,13,בית שמש ,26,מטה יהודה ,1267,123,319,404,179,97,145
3712,ענב ,73,טול כרם ,41,נתניה ,72,שומרון ,1267,240,428,420,56,38,85
270,עין השופט ,23,עפולה ,23,עפולה ,13,מגידו ,1260,49,214,406,162,99,330
437,רשפים ,23,עפולה ,23,עפולה ,7,עמק המעיינות ,1260,134,416,406,135,55,114
3822,רחלים ,72,שכם ,48,אריאל ,72,שומרון ,1260,282,507,421,41,4,5
720,ניר גלים ,44,רחובות ,44,רחובות ,29,חבל יבנה ,1259,116,437,418,137,53,98
813,עין יעקב ,24,עכו ,24,עכו ,52,מעלה יוסף ,1259,134,311,444,140,119,111
662,חוסן ,24,עכו ,24,עכו ,52,מעלה יוסף ,1255,123,315,420,163,119,115
663,טירת יהודה ,42,פתח תקווה ,42,פתח תקוה ,25,חבל מודיעין ,1255,116,310,421,170,93,145
576,כברי ,24,עכו ,24,עכו ,4,מטה אשר ,1254,85,285,354,185,109,236
858,נווה ירק ,42,פתח תקווה ,42,פתח תקוה ,20,דרום השרון ,1254,91,294,398,200,103,168
1182,אלון הגליל ,23,עפולה ,23,עפולה ,9,עמק יזרעאל ,1252,92,285,426,145,153,151
72,גן שמואל ,32,חדרה ,32,חדרה ,14,מנשה ,1250,96,233,346,187,95,293
3644,גבעון החדשה ,74,ראמאללה ,11,ירושלים ,73,מטה בנימין ,1248,129,171,476,120,151,201
2024,אום אל-קוטוף ,32,חדרה ,32,חדרה ,14,מנשה ,1246,139,289,528,113,94,83
1162,בית רימון ,23,עפולה ,23,עפולה ,3,הגליל התחתון ,1242,225,483,405,67,25,37
386,בני דרור ,41,השרון ,41,נתניה ,18,לב השרון ,1240,69,200,274,113,105,479
787,גבעת יערים ,11,ירושלים ,13,בית שמש ,26,מטה יהודה ,1239,102,237,432,139,148,181
85,כפר יחזקאל ,23,עפולה ,23,עפולה ,8,הגלבוע ,1238,127,308,397,195,58,153
160,חולדה ,43,רמלה ,43,רמלה ,30,גזר ,1238,86,416,312,242,62,120
307,הזורעים ,22,כנרת ,22,טבריה ,3,הגליל התחתון ,1238,190,421,396,92,27,112
269,מולדת ,23,עפולה ,23,עפולה ,8,הגלבוע ,1236,67,284,429,198,102,156
746,ברכיה ,61,אשקלון ,61,אשקלון ,36,חוף אשקלון ,1233,149,311,430,111,101,131
780,אורה ,11,ירושלים ,11,ירושלים ,26,מטה יהודה ,1233,137,224,464,137,121,150
234,ביצרון ,61,אשקלון ,61,אשקלון ,33,באר טוביה ,1232,83,288,362,187,109,203
335,רמת השופט ,23,עפולה ,23,עפולה ,13,מגידו ,1231,98,269,371,224,65,204
849,דביר ,62,באר שבע ,62,באר שבע ,41,בני שמעון ,1224,95,374,381,190,70,114
259,שדה נחום ,23,עפולה ,23,עפולה ,7,עמק המעיינות ,1220,105,335,398,208,79,95
698,בורגתה ,41,השרון ,41,נתניה ,16,עמק חפר ,1218,91,264,389,184,116,174
689,מגדים ,32,חדרה ,32,חדרה ,15,חוף הכרמל ,1214,97,281,387,179,96,174
711,עזריה ,43,רמלה ,43,רמלה ,30,גזר ,1213,121,290,414,155,91,142
64,"יד רמב""ם ",43,רמלה ,43,רמלה ,30,גזר ,1212,112,242,415,152,113,178
687,עין איילה ,32,חדרה ,32,חדרה ,15,חוף הכרמל ,1208,103,286,412,185,110,112
399,בארי ,62,באר שבע ,62,באר שבע ,38,אשכול ,1205,111,254,441,129,86,184
801,חמד ,43,רמלה ,43,רמלה ,40,שדות דן ,1203,149,386,364,135,55,114
824,כוכב מיכאל ,61,אשקלון ,61,אשקלון ,36,חוף אשקלון ,1200,94,330,338,196,79,163
584,זיקים ,61,אשקלון ,61,אשקלון ,36,חוף אשקלון ,1199,112,242,403,162,100,180
960,אסד )שבט( ,62,באר שבע ,62,באר שבע ,0, ,1199,278,442,377,43,32,27
320,כפר ורבורג ,61,אשקלון ,61,אשקלון ,33,באר טוביה ,1194,80,284,379,186,96,169
1240,עין הבשור ,62,באר שבע ,62,באר שבע ,38,אשכול ,1193,45,327,360,258,63,140
329,שדה נחמיה ,21,צפת ,21,צפת ,1,הגליל העליון ,1181,68,293,362,196,98,164
288,בית יהושע ,41,השרון ,41,נתניה ,19,חוף השרון ,1180,97,273,381,195,82,152
737,עולש ,41,השרון ,41,נתניה ,16,עמק חפר ,1179,101,299,374,161,110,134
428,ברור חיל ,61,אשקלון ,61,אשקלון ,37,שער הנגב ,1178,72,255,369,170,113,199
598,בית קמה ,62,באר שבע ,62,באר שבע ,41,בני שמעון ,1178,55,331,363,243,80,106
2011,ינון ,61,אשקלון ,61,אשקלון ,33,באר טוביה ,1178,106,246,412,138,139,137
1190,מצפה נטופה ,23,עפולה ,23,עפולה ,3,הגליל התחתון ,1177,151,349,403,82,95,97
3649,שקד ,71,ג'נין ,32,חדרה ,72,שומרון ,1177,126,352,406,134,62,97
2043,בחן ,41,השרון ,41,נתניה ,16,עמק חפר ,1173,72,379,292,243,88,99
3743,טנא ,77,חברון ,62,באר שבע ,78,הר חברון ,1172,186,425,389,86,41,45
1366,נווה ,62,באר שבע ,62,באר שבע ,38,אשכול ,1168,255,463,357,62,19,12
3571,שבי שומרון ,72,שכם ,41,נתניה ,72,שומרון ,1167,196,374,393,72,28,104
327,שדות ים ,32,חדרה ,32,חדרה ,15,חוף הכרמל ,1166,130,257,378,147,71,183
771,מבוא ביתר ,11,ירושלים ,11,ירושלים ,26,מטה יהודה ,1166,105,340,351,161,74,135
1222,"מצפה אבי""ב ",24,עכו ,20,כרמיאל ,56,משגב ,1165,90,327,385,171,102,90
606,מזור ,42,פתח תקווה ,42,פתח תקוה ,25,חבל מודיעין ,1164,62,253,378,169,129,173
177,"כפר ביל""ו ",44,רחובות ,44,רחובות ,30,גזר ,1162,92,235,360,140,136,199
126,שריד ,23,עפולה ,23,עפולה ,9,עמק יזרעאל ,1161,49,266,299,186,99,262
718,ירחיב ,42,פתח תקווה ,47,כפר סבא ,20,דרום השרון ,1157,104,220,436,119,156,122
4304,נוב ,29,גולן ,22,טבריה ,71,גולן ,1157,150,392,387,94,31,103
697,בארותיים ,41,השרון ,41,נתניה ,16,עמק חפר ,1154,82,283,353,220,75,141
745,גמזו ,43,רמלה ,43,רמלה ,25,חבל מודיעין ,1154,138,333,344,141,70,128
841,אלישמע ,42,פתח תקווה ,47,כפר סבא ,20,דרום השרון ,1154,99,235,384,143,127,166
1349,דריג'את ,62,באר שבע ,62,באר שבע ,69,אל קסום ,1152,177,304,503,87,44,37
3602,ראש צורים ,76,בית לחם ,11,ירושלים ,76,גוש עציון ,1151,151,413,398,123,21,45
77,איילת השחר ,21,צפת ,21,צפת ,1,הגליל העליון ,1149,70,236,326,174,97,246
446,אודים ,41,השרון ,41,נתניה ,19,חוף השרון ,1146,100,236,364,174,114,158
397,חצרים ,62,באר שבע ,62,באר שבע ,41,בני שמעון ,1145,89,216,368,126,107,239
853,גאליה ,44,רחובות ,44,רחובות ,27,גן רווה ,1143,85,225,380,158,107,188
610,סתריה ,43,רמלה ,43,רמלה ,30,גזר ,1140,91,245,324,173,115,192
435,נצר סרני ,43,רמלה ,43,רמלה ,30,גזר ,1139,142,282,346,138,44,187
184,רמת הכובש ,42,פתח תקווה ,47,כפר סבא ,20,דרום השרון ,1138,88,263,313,171,58,245
396,נבטים ,62,באר שבע ,62,באר שבע ,41,בני שמעון ,1138,93,246,405,144,103,147
418,בני ציון ,41,השרון ,41,נתניה ,19,חוף השרון ,1138,66,256,355,159,134,168
1188,אשחר ,24,עכו ,20,כרמיאל ,56,משגב ,1134,108,376,386,152,69,43
970,תראבין א-צאנע )שבט( ,62,באר שבע ,62,באר שבע ,0, ,1132,12,527,471,67,24,31
972,קוואעין )שבט( ,62,באר שבע ,62,באר שבע ,0, ,1130,5,570,479,38,20,18
3766,כרמי צור ,77,חברון ,11,ירושלים ,76,גוש עציון ,1128,131,407,422,94,49,25
198,צופית ,42,פתח תקווה ,47,כפר סבא ,20,דרום השרון ,1125,60,257,299,202,134,173
559,בוסתן הגליל ,24,עכו ,24,עכו ,4,מטה אשר ,1125,107,276,378,140,84,140
756,בית עזרא ,61,אשקלון ,61,אשקלון ,33,באר טוביה ,1114,98,213,366,139,132,166
799,זכריה ,11,ירושלים ,13,בית שמש ,26,מטה יהודה ,1114,94,258,377,139,120,126
390,רגבה ,24,עכו ,24,עכו ,4,מטה אשר ,1113,67,218,333,155,90,250
851,ניצני עוז ,41,השרון ,41,נתניה ,18,לב השרון ,1112,89,261,376,155,117,114
1114,שריגים )לי-און( ,11,ירושלים ,13,בית שמש ,26,מטה יהודה ,1111,66,245,371,137,183,109
740,אשתאול ,11,ירושלים ,13,בית שמש ,26,מטה יהודה ,1109,102,256,400,127,83,141
389,בצרה ,41,השרון ,41,נתניה ,19,חוף השרון ,1108,81,258,318,175,111,165
612,צרופה ,32,חדרה ,32,חדרה ,15,חוף הכרמל ,1108,109,240,389,138,100,132
788,זיתן ,43,רמלה ,43,רמלה ,40,שדות דן ,1108,97,217,397,133,97,167
1242,נתיב העשרה ,61,אשקלון ,61,אשקלון ,36,חוף אשקלון ,1106,72,260,377,193,72,132
842,געש ,41,השרון ,41,נתניה ,19,חוף השרון ,1105,113,228,329,137,82,216
3784,שמעה ,77,חברון ,11,ירושלים ,78,הר חברון ,1105,252,349,373,59,42,30
67,אור הנר ,61,אשקלון ,61,אשקלון ,37,שער הנגב ,1103,107,256,401,146,62,131
142,שדה יעקב ,23,עפולה ,23,עפולה ,9,עמק יזרעאל ,1096,82,329,351,138,64,132
3488,כפר עציון ,76,בית לחם ,11,ירושלים ,76,גוש עציון ,1096,137,374,334,123,30,98
1236,נירית ,42,פתח תקווה ,349,ראש העין ,20,דרום השרון ,1094,64,161,349,135,147,238
268,טירת צבי ,23,עפולה ,23,עפולה ,7,עמק המעיינות ,1093,132,349,353,102,32,125
315,נגבה ,61,אשקלון ,61,אשקלון ,35,יואב ,1093,70,285,315,175,62,186
1228,רקפת ,24,עכו ,20,כרמיאל ,56,משגב ,1092,59,250,396,159,130,98
322,בית הלל ,21,צפת ,21,צפת ,55,מבואות החרמון ,1090,76,174,568,102,43,127
591,עשרת ,44,רחובות ,44,רחובות ,32,גדרות ,1090,47,187,326,139,181,210
197,מעברות ,41,השרון ,41,נתניה ,16,עמק חפר ,1089,79,217,303,144,94,252
302,דפנה ,21,צפת ,21,צפת ,1,הגליל העליון ,1086,93,222,399,129,57,186
405,נווה אילן ,11,ירושלים ,13,בית שמש ,26,מטה יהודה ,1086,65,243,325,168,83,202
571,בית גמליאל ,44,רחובות ,44,רחובות ,29,חבל יבנה ,1086,96,264,340,132,74,180
133,גבת ,23,עפולה ,23,עפולה ,9,עמק יזרעאל ,1085,93,255,284,176,62,215
785,אחיהוד ,24,עכו ,24,עכו ,4,מטה אשר ,1079,133,210,414,117,101,104
677,הסוללים ,23,עפולה ,23,עפולה ,9,עמק יזרעאל ,1075,96,209,348,127,130,165
758,יד חנה ,41,השרון ,41,נתניה ,16,עמק חפר ,1075,83,363,290,195,46,98
582,כפר הנגיד ,44,רחובות ,44,רחובות ,27,גן רווה ,1072,104,189,356,144,103,176
683,גבע כרמל ,32,חדרה ,32,חדרה ,15,חוף הכרמל ,1068,81,261,347,153,86,140
316,כפר נטר ,41,השרון ,41,נתניה ,19,חוף השרון ,1066,82,279,313,180,69,143
1112,יודפת ,24,עכו ,20,כרמיאל ,56,משגב ,1066,84,308,366,155,60,93
828,ישרש ,43,רמלה ,43,רמלה ,30,גזר ,1063,114,228,358,123,110,130
406,חצור-אשדוד ,61,אשקלון ,61,אשקלון ,33,באר טוביה ,1062,93,209,335,133,50,242
2033,בית חלקיה ,44,רחובות ,44,רחובות ,31,נחל שורק ,1062,177,382,350,53,39,61
749,פטיש ,62,באר שבע ,62,באר שבע ,42,מרחבים ,1061,120,260,376,91,90,124
592,בני דרום ,44,רחובות ,44,רחובות ,29,חבל יבנה ,1060,134,352,331,116,45,82
616,רינתיה ,42,פתח תקווה ,42,פתח תקוה ,25,חבל מודיעין ,1059,93,271,320,155,70,150
715,להבות חביבה ,32,חדרה ,32,חדרה ,14,מנשה ,1059,74,301,291,213,83,97
357,כפר בלום ,21,צפת ,21,צפת ,1,הגליל העליון ,1057,71,233,293,164,55,241
454,סער ,24,עכו ,24,עכו ,4,מטה אשר ,1055,89,263,332,165,89,117
2015,שדי חמד ,42,פתח תקווה ,47,כפר סבא ,20,דרום השרון ,1055,89,216,323,190,95,142
796,צלפון ,11,ירושלים ,13,בית שמש ,26,מטה יהודה ,1054,98,261,346,127,75,147
717,חגור ,42,פתח תקווה ,42,פתח תקוה ,20,דרום השרון ,1050,85,222,330,170,102,141
845,כפר עזה ,61,אשקלון ,61,אשקלון ,37,שער הנגב ,1050,108,160,437,95,86,164
358,יד מרדכי ,61,אשקלון ,61,אשקלון ,36,חוף אשקלון ,1046,98,172,360,124,54,238
376,עברון ,24,עכו ,24,עכו ,4,מטה אשר ,1044,108,203,349,134,55,195
604,בית עריף ,43,רמלה ,43,רמלה ,25,חבל מודיעין ,1044,102,197,352,122,135,136
613,ציפורי ,23,עפולה ,23,עפולה ,9,עמק יזרעאל ,1044,94,249,350,133,83,135
429,אלוני אבא ,23,עפולה ,23,עפולה ,9,עמק יזרעאל ,1033,39,254,305,212,106,117
280,חניתה ,24,עכו ,24,עכו ,4,מטה אשר ,1032,57,211,293,167,91,213
2003,תלמי אלעזר ,32,חדרה ,32,חדרה ,14,מנשה ,1032,87,249,326,152,95,123
115,חופית ,41,השרון ,41,נתניה ,16,עמק חפר ,1031,67,200,300,152,113,199
1183,כליל ,24,עכו ,24,עכו ,4,מטה אשר ,1030,106,271,360,142,75,76
340,גת )קיבוץ( ,61,אשקלון ,61,אשקלון ,35,יואב ,1029,73,285,289,156,55,171
300,דליה ,23,עפולה ,23,עפולה ,13,מגידו ,1028,84,223,300,138,66,217
377,המעפיל ,41,השרון ,32,חדרה ,16,עמק חפר ,1027,82,256,301,175,77,136
684,היוגב ,23,עפולה ,23,עפולה ,9,עמק יזרעאל ,1027,115,275,337,89,41,170
861,שדה אליעזר ,21,צפת ,21,צפת ,55,מבואות החרמון ,1027,97,252,315,148,101,114
742,מסילת ציון ,11,ירושלים ,13,בית שמש ,26,מטה יהודה ,1026,80,217,369,129,110,121
594,צפריה ,43,רמלה ,43,רמלה ,40,שדות דן ,1025,137,326,306,122,29,105
431,דלתון ,21,צפת ,21,צפת ,2,מרום הגליל ,1024,123,216,398,93,112,82
793,גבעתי ,61,אשקלון ,61,אשקלון ,33,באר טוביה ,1024,109,255,336,117,83,124
850,אחיטוב ,41,השרון ,41,נתניה ,16,עמק חפר ,1023,84,186,358,150,94,151
199,אשדות יעקב )איחוד( ,22,כנרת ,22,טבריה ,6,עמק הירדן ,1022,64,257,309,171,70,151
167,עין החורש ,41,השרון ,41,נתניה ,16,עמק חפר ,1021,55,230,278,156,66,236
4011,אבני איתן ,29,גולן ,22,טבריה ,71,גולן ,1021,164,347,370,52,33,55
1336,אירוס ,44,רחובות ,44,רחובות ,27,גן רווה ,1018,64,316,324,181,84,49
139,עין שמר ,32,חדרה ,32,חדרה ,14,מנשה ,1017,85,218,332,106,69,207
419,סעד ,62,באר שבע ,62,באר שבע ,39,שדות נגב ,1017,119,259,357,92,49,141
580,"כרם מהר""ל ",32,חדרה ,32,חדרה ,15,חוף הכרמל ,1017,67,252,297,162,91,148
772,אמונים ,61,אשקלון ,61,אשקלון ,33,באר טוביה ,1017,79,229,313,153,108,135
1110,חבר ,23,עפולה ,23,עפולה ,8,הגלבוע ,1017,126,280,391,109,67,44
1371,גני טל ,44,רחובות ,44,רחובות ,31,נחל שורק ,1017,155,383,306,75,7,91
593,ערוגות ,61,אשקלון ,61,אשקלון ,33,באר טוביה ,1011,72,262,303,158,74,142
82,עין חרוד )מאוחד( ,23,עפולה ,23,עפולה ,8,הגלבוע ,1008,83,201,284,147,76,217
668,מפלסים ,61,אשקלון ,61,אשקלון ,37,שער הנגב ,1006,77,153,404,102,106,164
289,עין המפרץ ,24,עכו ,24,עכו ,4,מטה אשר ,1005,61,196,286,146,81,235
3648,מתתיהו ,74,ראמאללה ,11,ירושלים ,73,מטה בנימין ,1005,132,309,362,80,42,80
586,מגידו ,23,עפולה ,23,עפולה ,13,מגידו ,1004,57,245,290,181,98,133
104,מזרע ,23,עפולה ,23,עפולה ,9,עמק יזרעאל ,1002,81,201,273,122,94,231
549,גנות הדר ,41,השרון ,41,נתניה ,18,לב השרון ,1000,47,207,336,162,117,131
729,משמר השבעה ,43,רמלה ,43,רמלה ,40,שדות דן ,996,88,192,296,137,103,180
618,חדיד ,43,רמלה ,43,רמלה ,25,חבל מודיעין ,994,103,246,307,123,85,130
443,כפר הנשיא ,21,צפת ,21,צפת ,1,הגליל העליון ,991,70,167,285,124,101,244
1221,צורית ,24,עכו ,20,כרמיאל ,56,משגב ,991,68,194,352,130,112,135
1332,חוסנייה ,24,עכו ,20,כרמיאל ,56,משגב ,991,133,222,433,101,45,57
394,שובל ,62,באר שבע ,62,באר שבע ,41,בני שמעון ,988,95,236,298,130,71,158
379,גאולים ,41,השרון ,41,נתניה ,18,לב השרון ,987,80,194,312,146,102,153
1257,חנתון ,23,עפולה ,23,עפולה ,9,עמק יזרעאל ,987,65,340,294,170,54,64
3746,קרית נטפים ,73,טול כרם ,48,אריאל ,72,שומרון ,986,152,352,350,79,25,28
423,העוגן ,41,השרון ,41,נתניה ,16,עמק חפר ,984,70,221,269,141,53,230
1179,קורנית ,24,עכו ,20,כרמיאל ,56,משגב ,983,49,270,296,132,130,106
1369,נטע ,61,אשקלון ,61,אשקלון ,50,לכיש ,983,183,401,332,51,16,0
286,מעלה החמישה ,11,ירושלים ,13,בית שמש ,26,מטה יהודה ,982,91,280,263,147,59,142
366,שמיר ,21,צפת ,21,צפת ,1,הגליל העליון ,980,69,184,341,116,99,171
1314,נווה זיו ,24,עכו ,24,עכו ,52,מעלה יוסף ,979,59,266,333,165,95,61
607,מירון ,21,צפת ,21,צפת ,2,מרום הגליל ,976,141,248,333,95,53,106
791,משען ,61,אשקלון ,61,אשקלון ,36,חוף אשקלון ,976,77,208,337,113,112,129
290,מעין צבי ,32,חדרה ,32,חדרה ,15,חוף הכרמל ,973,64,189,253,132,89,246
866,יטבתה ,62,באר שבע ,63,אילת ,53,חבל אילות ,972,57,178,325,135,113,164
575,יסעור ,24,עכו ,24,עכו ,4,מטה אשר ,969,75,287,280,150,63,114
723,בית הגדי ,62,באר שבע ,62,באר שבע ,39,שדות נגב ,968,112,244,355,75,87,95
1069,רם-און ,23,עפולה ,23,עפולה ,8,הגלבוע ,968,42,230,296,176,119,105
4026,חד-נס ,29,גולן ,22,טבריה ,71,גולן ,968,57,185,348,144,122,112
256,ניר דוד )תל עמל( ,23,עפולה ,23,עפולה ,7,עמק המעיינות ,966,76,217,276,141,69,187
380,להבות הבשן ,21,צפת ,21,צפת ,1,הגליל העליון ,966,46,204,317,147,98,154
3752,מעלה לבונה ,74,ראמאללה ,48,אריאל ,73,מטה בנימין ,966,209,258,357,52,43,47
692,שפיר ,61,אשקלון ,61,אשקלון ,34,שפיר ,965,112,295,297,122,54,85
795,יערה ,24,עכו ,24,עכו ,52,מעלה יוסף ,964,90,207,377,104,79,107
344,מענית ,32,חדרה ,32,חדרה ,14,מנשה ,963,93,235,313,120,60,142
1363,בני נצרים ,62,באר שבע ,62,באר שבע ,38,אשכול ,963,180,395,306,49,21,12
595,לוחמי הגיטאות ,24,עכו ,24,עכו ,4,מטה אשר ,962,104,247,318,97,50,146
734,גן יאשיה ,41,השרון ,41,נתניה ,16,עמק חפר ,962,72,221,305,141,104,119
434,החותרים ,32,חדרה ,32,חדרה ,15,חוף הכרמל ,960,110,225,299,126,48,152
425,משמרת ,41,השרון ,41,נתניה ,18,לב השרון ,959,53,225,296,173,107,105
1123,אדרת ,11,ירושלים ,13,בית שמש ,26,מטה יהודה ,959,68,259,336,152,79,65
354,רביבים ,62,באר שבע ,62,באר שבע ,48,רמת נגב ,957,61,160,344,101,94,197
802,"גבעת כ""ח ",42,פתח תקווה ,42,פתח תקוה ,25,חבל מודיעין ,956,101,207,323,106,93,126
304,שדה אליהו ,23,עפולה ,23,עפולה ,7,עמק המעיינות ,955,105,186,377,64,67,156
546,עין אל-אסד ,24,עכו ,21,צפת ,2,מרום הגליל ,955,73,195,399,130,84,74
219,חיבת ציון ,41,השרון ,32,חדרה ,16,עמק חפר ,952,106,259,307,115,59,106
806,עין יהב ,62,באר שבע ,63,אילת ,54,הערבה התיכונה ,951,58,242,287,162,83,119
871,עינת ,42,פתח תקווה ,349,ראש העין ,20,דרום השרון ,950,54,277,236,181,83,119
564,רבדים ,61,אשקלון ,61,אשקלון ,35,יואב ,949,57,245,260,165,81,141
4006,קשת ,29,גולן ,22,טבריה ,71,גולן ,949,136,355,299,58,30,71
457,גזית ,23,עפולה ,23,עפולה ,9,עמק יזרעאל ,948,76,184,297,126,67,198
837,עזריאל ,41,השרון ,41,נתניה ,18,לב השרון ,948,73,245,306,144,67,113
778,תרום ,11,ירושלים ,13,בית שמש ,26,מטה יהודה ,945,69,270,321,132,59,94
761,שובה ,62,באר שבע ,62,באר שבע ,39,שדות נגב ,943,130,308,305,83,45,72
722,מגשימים ,42,פתח תקווה ,42,פתח תקוה ,20,דרום השרון ,942,78,180,287,132,85,180
230,מעש ,42,פתח תקווה ,42,פתח תקוה ,20,דרום השרון ,941,71,201,259,139,77,194
570,מעונה ,24,עכו ,24,עכו ,52,מעלה יוסף ,941,62,197,325,133,88,136
708,עמקה ,24,עכו ,24,עכו ,4,מטה אשר ,941,110,220,301,105,76,129
743,כפר שמואל ,43,רמלה ,43,רמלה ,30,גזר ,936,94,232,292,145,53,120
877,בית חירות ,41,השרון ,41,נתניה ,16,עמק חפר ,936,65,225,282,142,83,139
1138,יעד ,24,עכו ,20,כרמיאל ,56,משגב ,935,78,210,302,133,108,104
727,תלמי יחיאל ,61,אשקלון ,61,אשקלון ,33,באר טוביה ,933,71,213,331,122,87,109
1207,לבון ,24,עכו ,20,כרמיאל ,56,משגב ,933,43,272,314,178,59,67
1174,מנוף ,24,עכו ,20,כרמיאל ,56,משגב ,930,30,234,288,153,101,124
409,יחיעם ,24,עכו ,24,עכו ,4,מטה אשר ,929,45,257,268,159,37,163
2013,בן שמן )מושב( ,43,רמלה ,43,רמלה ,25,חבל מודיעין ,928,71,220,272,146,91,128
682,אליקים ,23,עפולה ,23,עפולה ,13,מגידו ,927,104,203,307,94,82,137
863,גינתון ,43,רמלה ,43,רמלה ,25,חבל מודיעין ,927,92,194,283,149,71,138
609,כפר חושן ,21,צפת ,21,צפת ,2,מרום הגליל ,926,78,234,313,105,100,96
3748,עתניאל ,77,חברון ,11,ירושלים ,78,הר חברון ,926,116,305,358,60,50,37
387,כפר מונש ,41,השרון ,41,נתניה ,16,עמק חפר ,925,82,224,264,135,79,141
4007,יונתן ,29,גולן ,22,טבריה ,71,גולן ,925,133,311,321,72,39,49
225,גן השומרון ,32,חדרה ,32,חדרה ,14,מנשה ,924,76,188,292,131,83,154
748,מסלול ,62,באר שבע ,62,באר שבע ,42,מרחבים ,924,98,229,330,135,54,78
807,חניאל ,41,השרון ,41,נתניה ,16,עמק חפר ,924,65,184,304,111,112,148
819,אביגדור ,61,אשקלון ,61,אשקלון ,33,באר טוביה ,924,87,219,273,119,80,146
90,חפצי-בה ,23,עפולה ,23,עפולה ,8,הגלבוע ,923,52,231,263,135,65,177
287,תל יצחק ,41,השרון ,41,נתניה ,19,חוף השרון ,923,60,131,159,76,47,450
1335,ערב אל נעים ,24,עכו ,20,כרמיאל ,56,משגב ,921,120,202,464,82,36,17
368,ביריה ,21,צפת ,21,צפת ,2,מרום הגליל ,919,90,221,310,88,69,141
1070,אביעזר ,11,ירושלים ,13,בית שמש ,26,מטה יהודה ,917,66,233,280,150,96,92
864,בקוע ,11,ירושלים ,13,בית שמש ,26,מטה יהודה ,914,95,229,301,103,80,106
24,לכיש ,61,אשקלון ,61,אשקלון ,50,לכיש ,908,76,185,312,124,108,103
805,ישעי ,11,ירושלים ,13,בית שמש ,26,מטה יהודה ,908,110,227,306,80,75,110
779,עמינדב ,11,ירושלים ,11,ירושלים ,26,מטה יהודה ,907,84,175,287,137,79,145
52,לוזית ,11,ירושלים ,13,בית שמש ,26,מטה יהודה ,905,75,279,282,139,66,64
798,יגל ,43,רמלה ,43,רמלה ,40,שדות דן ,905,71,210,311,109,91,113
839,פתחיה ,43,רמלה ,43,רמלה ,30,גזר ,904,97,171,319,90,101,126
1064,אמירים ,21,צפת ,21,צפת ,2,מרום הגליל ,904,66,195,289,152,80,122
2002,תנובות ,41,השרון ,41,נתניה ,18,לב השרון ,902,83,171,305,113,108,122
303,דן ,21,צפת ,21,צפת ,1,הגליל העליון ,901,86,182,351,88,44,150
688,עלמה ,21,צפת ,21,צפת ,2,מרום הגליל ,899,92,222,335,100,73,77
784,בית נחמיה ,43,רמלה ,43,רמלה ,25,חבל מודיעין ,899,73,176,270,135,114,131
188,אשדות יעקב )מאוחד( ,22,כנרת ,22,טבריה ,6,עמק הירדן ,898,64,200,271,127,61,175
732,משמר הירדן ,21,צפת ,21,צפת ,55,מבואות החרמון ,898,87,206,327,90,71,117
1108,אומן ,23,עפולה ,23,עפולה ,8,הגלבוע ,897,110,202,337,98,69,81
699,ניר ישראל ,61,אשקלון ,61,אשקלון ,36,חוף אשקלון ,895,58,222,278,143,53,141
336,דורות ,61,אשקלון ,61,אשקלון ,37,שער הנגב ,894,87,196,299,95,38,179
57,כנרת )קבוצה( ,22,כנרת ,22,טבריה ,6,עמק הירדן ,892,56,168,282,125,87,174
448,בני עטרות ,42,פתח תקווה ,42,פתח תקוה ,25,חבל מודיעין ,892,81,210,276,130,72,123
674,לימן ,24,עכו ,24,עכו ,4,מטה אשר ,892,60,180,329,129,78,116
597,פלמחים ,44,רחובות ,44,רחובות ,27,גן רווה ,891,78,163,304,125,92,129
685,בניה ,44,רחובות ,44,רחובות ,28,ברנר ,887,74,216,272,100,81,144
822,מטע ,11,ירושלים ,13,בית שמש ,26,מטה יהודה ,887,87,205,308,101,80,106
747,בית שקמה ,61,אשקלון ,61,אשקלון ,36,חוף אשקלון ,885,96,208,302,94,56,129
416,מעין ברוך ,21,צפת ,21,צפת ,1,הגליל העליון ,884,66,153,398,83,53,131
1365,אליאב ,61,אשקלון ,61,אשקלון ,50,לכיש ,884,134,378,254,106,7,5
888,"כפר הרי""ף ",61,אשקלון ,61,אשקלון ,35,יואב ,882,63,212,277,135,81,114
1127,מעלה גלבוע ,23,עפולה ,23,עפולה ,7,עמק המעיינות ,882,93,365,274,71,26,53
297,כפר מסריק ,24,עכו ,24,עכו ,4,מטה אשר ,881,76,162,293,122,57,171
760,בן זכאי ,44,רחובות ,44,רחובות ,29,חבל יבנה ,879,91,194,304,99,96,95
422,חרב לאת ,41,השרון ,32,חדרה ,16,עמק חפר ,874,84,193,264,121,78,134
753,ינוב ,41,השרון ,41,נתניה ,18,לב השרון ,874,73,172,287,110,79,153
814,תלמים ,61,אשקלון ,61,אשקלון ,50,לכיש ,874,96,212,306,78,67,115
759,יציץ ,43,רמלה ,43,רמלה ,30,גזר ,873,107,174,296,98,83,115
4701,רמת מגשימים ,29,גולן ,22,טבריה ,71,גולן ,873,97,279,288,69,56,84
1265,שומריה ,62,באר שבע ,62,באר שבע ,41,בני שמעון ,872,130,363,270,45,36,28
1260,רתמים ,62,באר שבע ,62,באר שבע ,48,רמת נגב ,871,158,395,300,11,2,5
706,גיאה ,61,אשקלון ,61,אשקלון ,36,חוף אשקלון ,867,74,212,251,127,60,143
76,כפר גלעדי ,21,צפת ,21,צפת ,1,הגליל העליון ,866,42,130,325,118,71,180
417,יקום ,41,השרון ,41,נתניה ,19,חוף השרון ,866,82,194,265,136,41,148
800,בית חנניה ,32,חדרה ,32,חדרה ,15,חוף הכרמל ,865,73,185,295,101,103,108
367,עין העמק ,23,עפולה ,23,עפולה ,13,מגידו ,863,75,160,302,118,85,123
1282,מירב ,23,עפולה ,23,עפולה ,7,עמק המעיינות ,863,111,319,291,75,58,9
463,געתון ,24,עכו ,24,עכו ,4,מטה אשר ,862,62,209,257,125,52,157
665,תקומה ,62,באר שבע ,62,באר שבע ,39,שדות נגב ,862,96,244,294,98,34,96
1024,חרוצים ,41,השרון ,41,נתניה ,19,חוף השרון ,861,61,170,280,126,89,135
308,מחניים ,21,צפת ,21,צפת ,1,הגליל העליון ,859,49,231,238,115,65,161
679,אביאל ,32,חדרה ,32,חדרה ,45,אלונה ,858,63,241,268,139,63,84
92,גיניגר ,23,עפולה ,23,עפולה ,9,עמק יזרעאל ,856,59,193,241,125,72,166
334,קבוצת יבנה ,44,רחובות ,44,רחובות ,29,חבל יבנה ,856,89,183,290,70,61,163
364,כפר אוריה ,11,ירושלים ,13,בית שמש ,26,מטה יהודה ,855,44,266,231,164,69,81
3764,חגי ,77,חברון ,11,ירושלים ,78,הר חברון ,854,171,283,307,42,34,17
673,כפר טרומן ,43,רמלה ,43,רמלה ,25,חבל מודיעין ,851,76,176,276,109,94,120
3777,סנסנה ,77,חברון ,62,באר שבע ,78,הר חברון ,851,129,331,289,98,2,2
79,דגניה ב' ,22,כנרת ,22,טבריה ,6,עמק הירדן ,850,59,165,260,128,86,152
1370,מצפה אילן ,32,חדרה ,32,חדרה ,14,מנשה ,849,100,378,269,101,0,1
253,חולתה ,21,צפת ,21,צפת ,1,הגליל העליון ,848,99,223,282,89,45,110
762,בטחה ,62,באר שבע ,62,באר שבע ,42,מרחבים ,848,69,177,291,103,101,107
1095,כפר מימון ,62,באר שבע ,62,באר שבע ,39,שדות נגב ,847,110,217,312,86,48,74
430,בית לחם הגלילית ,23,עפולה ,23,עפולה ,9,עמק יזרעאל ,842,57,180,261,103,82,159
622,עין צורים ,61,אשקלון ,61,אשקלון ,34,שפיר ,842,120,229,290,61,30,112
1071,נווה מיכאל ,11,ירושלים ,13,בית שמש ,26,מטה יהודה ,841,97,227,299,79,50,89
2009,יובל ,21,צפת ,21,צפת ,55,מבואות החרמון ,841,61,144,382,88,62,104
313,אפק ,24,עכו ,24,עכו ,4,מטה אשר ,838,64,221,257,125,39,132
4101,מרום גולן ,29,גולן ,21,צפת ,71,גולן ,837,53,168,285,123,91,117
1374,כרמי קטיף ,61,אשקלון ,61,אשקלון ,50,לכיש ,836,155,322,271,55,28,5
2010,כפר בן נון ,43,רמלה ,43,רמלה ,30,גזר ,836,76,211,244,136,54,115
1160,שכניה ,24,עכו ,20,כרמיאל ,56,משגב ,833,49,188,266,124,108,98
362,רוחמה ,61,אשקלון ,61,אשקלון ,37,שער הנגב ,832,65,184,248,115,39,181
2029,מדרך עוז ,23,עפולה ,23,עפולה ,13,מגידו ,831,50,210,251,137,69,114
3569,מבוא דותן ,71,ג'נין ,32,חדרה ,72,שומרון ,831,185,267,272,42,16,49
285,אלונים ,23,עפולה ,23,עפולה ,9,עמק יזרעאל ,828,91,161,252,77,60,187
426,עין כרמל ,32,חדרה ,32,חדרה ,15,חוף הכרמל ,828,48,205,241,171,64,99
365,בית קשת ,22,כנרת ,22,טבריה ,3,הגליל התחתון ,827,43,264,210,133,68,109
440,יסודות ,44,רחובות ,44,רחובות ,31,נחל שורק ,825,138,330,235,47,13,62
1201,כמון ,24,עכו ,20,כרמיאל ,56,משגב ,825,53,201,281,99,94,97
857,כפר אביב ,44,רחובות ,44,רחובות ,32,גדרות ,824,63,199,245,123,69,125
143,בית זרע ,22,כנרת ,22,טבריה ,6,עמק הירדן ,823,60,141,272,103,53,194
465,צובה ,11,ירושלים ,13,בית שמש ,26,מטה יהודה ,823,55,141,300,95,93,139
838,פדיה ,43,רמלה ,43,רמלה ,30,גזר ,822,63,162,303,93,82,119
191,הדר עם ,41,השרון ,41,נתניה ,16,עמק חפר ,821,40,232,229,138,76,106
237,שער העמקים ,31,חיפה ,31,חיפה ,12,זבולון ,821,65,171,225,108,71,181
1155,מגן שאול ,23,עפולה ,23,עפולה ,8,הגלבוע ,821,84,249,257,96,33,102
1165,שילת ,43,רמלה ,43,רמלה ,25,חבל מודיעין ,821,80,187,277,102,74,101
690,כפר אחים ,61,אשקלון ,61,אשקלון ,33,באר טוביה ,817,77,214,257,96,64,109
1297,כפר חנניה ,21,צפת ,21,צפת ,2,מרום הגליל ,817,84,197,278,108,87,63
194,משמר השרון ,41,השרון ,41,נתניה ,16,עמק חפר ,816,63,190,253,93,65,152
2023,להב ,62,באר שבע ,62,באר שבע ,41,בני שמעון ,815,64,214,245,113,54,125
726,הודיה ,61,אשקלון ,61,אשקלון ,36,חוף אשקלון ,813,77,210,244,104,54,124
112,כפר חסידים א' ,31,חיפה ,31,חיפה ,12,זבולון ,812,71,196,263,88,59,135
205,חגלה ,41,השרון ,32,חדרה ,16,עמק חפר ,812,45,206,238,165,81,77
1171,לוטם ,24,עכו ,20,כרמיאל ,56,משגב ,812,46,232,251,143,74,66
374,חוקוק ,22,כנרת ,22,טבריה ,6,עמק הירדן ,811,55,238,230,125,57,106
572,בית העמק ,24,עכו ,24,עכו ,4,מטה אשר ,811,71,161,255,82,81,161
306,שדמות דבורה ,22,כנרת ,22,טבריה ,3,הגליל התחתון ,810,53,227,208,159,52,111
452,יזרעאל ,23,עפולה ,23,עפולה ,8,הגלבוע ,808,51,146,196,130,68,217
408,נאות מרדכי ,21,צפת ,21,צפת ,1,הגליל העליון ,805,84,169,270,82,48,152
3578,שדמות מחולה ,75,ירדן )יריחו( ,23,עפולה ,75,ערבות הירדן ,804,100,258,297,54,44,51
4551,נאות גולן ,29,גולן ,22,טבריה ,71,גולן ,804,67,214,271,116,46,90
721,שדה אילן ,22,כנרת ,22,טבריה ,3,הגליל התחתון ,803,117,238,256,81,20,91
13,חצבה ,62,באר שבע ,63,אילת ,54,הערבה התיכונה ,802,53,208,236,117,39,149
730,אליפלט ,21,צפת ,21,צפת ,55,מבואות החרמון ,802,87,179,292,72,64,108
818,זרחיה ,61,אשקלון ,61,אשקלון ,34,שפיר ,802,92,196,290,82,68,74
3599,מחולה ,75,ירדן )יריחו( ,23,עפולה ,75,ערבות הירדן ,802,111,279,267,62,14,69
163,תימורים ,61,אשקלון ,61,אשקלון ,33,באר טוביה ,801,64,131,261,99,117,129
373,בית הלוי ,41,השרון ,41,נתניה ,16,עמק חפר ,800,69,183,242,116,60,130
811,יכיני ,61,אשקלון ,61,אשקלון ,37,שער הנגב ,800,90,168,277,93,72,100
388,כפר קיש ,22,כנרת ,22,טבריה ,3,הגליל התחתון ,799,67,214,246,117,62,93
680,אומץ ,41,השרון ,41,נתניה ,16,עמק חפר ,798,54,203,250,119,77,95
712,בן עמי ,24,עכו ,24,עכו ,4,מטה אשר ,797,68,185,256,90,83,115
262,גינוסר ,22,כנרת ,22,טבריה ,6,עמק הירדן ,795,45,147,223,109,58,213
4021,גבעת יואב ,29,גולן ,22,טבריה ,71,גולן ,795,66,204,234,135,32,124
433,נחשולים ,32,חדרה ,32,חדרה ,15,חוף הכרמל ,790,65,185,246,113,71,110
1065,זמרת ,62,באר שבע ,62,באר שבע ,39,שדות נגב ,789,114,249,256,71,44,55
192,כפר החורש ,23,עפולה ,23,עפולה ,9,עמק יזרעאל ,788,88,193,233,91,45,138
1321,ח'ואלד ,31,חיפה ,31,חיפה ,12,זבולון ,788,82,204,310,101,50,41
3767,נחליאל ,74,ראמאללה ,11,ירושלים ,73,מטה בנימין ,788,131,321,254,26,30,26
339,רמת צבי ,23,עפולה ,23,עפולה ,8,הגלבוע ,787,90,215,225,103,44,110
453,יפתח ,21,צפת ,21,צפת ,1,הגליל העליון ,787,49,168,266,98,57,149
338,איבים ,61,אשקלון ,61,אשקלון ,37,שער הנגב ,786,68,217,386,73,24,18
132,כפר ברוך ,23,עפולה ,23,עפולה ,9,עמק יזרעאל ,784,70,262,220,123,29,80
815,זבדיאל ,61,אשקלון ,61,אשקלון ,34,שפיר ,783,99,218,265,58,61,82
97,מרחביה )מושב( ,23,עפולה ,23,עפולה ,9,עמק יזרעאל ,782,58,140,262,95,98,129
174,נטעים ,44,רחובות ,44,רחובות ,27,גן רווה ,781,53,137,261,124,103,103
324,שאר ישוב ,21,צפת ,21,צפת ,55,מבואות החרמון ,781,45,115,396,91,42,92
348,ניר עם ,61,אשקלון ,61,אשקלון ,37,שער הנגב ,781,92,154,321,60,61,93
735,רמות מאיר ,43,רמלה ,43,רמלה ,30,גזר ,777,44,180,211,132,92,118
37,איתן ,61,אשקלון ,61,אשקלון ,34,שפיר ,776,131,202,278,53,47,65
415,שוקדה ,62,באר שבע ,62,באר שבע ,39,שדות נגב ,776,125,317,252,30,21,31
765,משגב דב ,44,רחובות ,44,רחובות ,32,גדרות ,774,54,193,230,131,64,102
1132,שניר ,21,צפת ,21,צפת ,1,הגליל העליון ,774,67,162,277,111,67,90
768,כרמיה ,61,אשקלון ,61,אשקלון ,36,חוף אשקלון ,772,76,185,275,99,53,84
2049,שדה צבי ,62,באר שבע ,62,באר שבע ,42,מרחבים ,772,75,220,257,106,54,60
3658,עטרת ,74,ראמאללה ,11,ירושלים ,73,מטה בנימין ,772,118,298,260,44,33,19
383,"עין הנצי""ב ",23,עפולה ,23,עפולה ,7,עמק המעיינות ,771,105,208,251,51,42,114
773,עמיקם ,32,חדרה ,32,חדרה ,45,אלונה ,771,43,166,278,112,83,89
4025,קדמת צבי ,29,גולן ,22,טבריה ,71,גולן ,771,109,184,292,62,45,79
553,ניר בנים ,61,אשקלון ,61,אשקלון ,33,באר טוביה ,770,46,164,251,91,107,111
667,ברעם ,21,צפת ,21,צפת ,1,הגליל העליון ,768,57,126,256,101,71,157
7,שחר ,61,אשקלון ,61,אשקלון ,50,לכיש ,766,60,191,246,93,82,94
786,כפר זיתים ,22,כנרת ,22,טבריה ,3,הגליל התחתון ,765,92,198,244,60,68,103
870,גבעת השלושה ,42,פתח תקווה ,349,ראש העין ,20,דרום השרון ,765,60,160,242,105,67,131
170,כפר יעבץ ,41,השרון ,41,נתניה ,18,לב השרון ,764,86,176,263,89,72,78
475,דחי ,23,עפולה ,23,עפולה ,66,בוסתאן אל-מרג' ,761,63,148,317,116,49,68
233,כפר ידידיה ,41,השרון ,41,נתניה ,16,עמק חפר ,758,39,192,200,149,55,123
701,ארבל ,22,כנרת ,22,טבריה ,3,הגליל התחתון ,758,65,195,235,116,49,98
342,גברעם ,61,אשקלון ,61,אשקלון ,36,חוף אשקלון ,756,93,217,262,81,30,73
892,עבדון ,24,עכו ,24,עכו ,52,מעלה יוסף ,754,65,158,278,87,75,91
919,גבעת ישעיהו ,11,ירושלים ,13,בית שמש ,26,מטה יהודה ,754,69,161,253,95,77,99
2045,נחלה ,61,אשקלון ,61,אשקלון ,35,יואב ,754,77,195,248,88,61,85
1149,עזר ,61,אשקלון ,61,אשקלון ,33,באר טוביה ,752,43,133,270,72,135,99
248,בית שערים ,23,עפולה ,23,עפולה ,9,עמק יזרעאל ,750,50,199,205,119,49,128
585,לביא ,22,כנרת ,22,טבריה ,3,הגליל התחתון ,750,73,160,294,67,39,117
1203,הררית ,24,עכו ,20,כרמיאל ,56,משגב ,750,50,247,217,125,38,73
2061,תדהר ,62,באר שבע ,62,באר שבע ,41,בני שמעון ,750,71,234,269,82,49,45
3751,מגדלים ,72,שכם ,48,אריאל ,72,שומרון ,750,213,192,271,32,22,20
990,ראס עלי ,31,חיפה ,31,חיפה ,12,זבולון ,749,83,205,314,73,47,27
393,גלאון ,61,אשקלון ,61,אשקלון ,35,יואב ,748,59,200,203,88,49,149
444,רגבים ,32,חדרה ,32,חדרה ,14,מנשה ,745,69,181,196,105,45,149
319,עמיר ,21,צפת ,21,צפת ,1,הגליל העליון ,743,51,140,242,99,54,157
803,יושיביה ,62,באר שבע ,62,באר שבע ,39,שדות נגב ,742,77,268,220,80,35,62
345,כפר סאלד ,21,צפת ,21,צפת ,1,הגליל העליון ,741,68,157,259,98,46,113
617,ברקאי ,32,חדרה ,32,חדרה ,14,מנשה ,741,34,161,212,106,80,148
599,פרוד ,21,צפת ,21,צפת ,2,מרום הגליל ,740,65,210,210,88,55,112
731,מישר ,44,רחובות ,44,רחובות ,32,גדרות ,740,46,208,198,116,54,118
3565,רימונים ,74,ראמאללה ,11,ירושלים ,73,מטה בנימין ,740,77,183,266,88,58,68
3745,מצדות יהודה ,77,חברון ,11,ירושלים ,78,הר חברון ,735,133,239,255,29,41,38
16,בית ניר ,61,אשקלון ,61,אשקלון ,35,יואב ,734,38,187,229,127,73,80
823,בר גיורא ,11,ירושלים ,13,בית שמש ,26,מטה יהודה ,728,106,154,260,55,53,100
1152,אשלים ,62,באר שבע ,62,באר שבע ,48,רמת נגב ,728,62,218,248,89,44,67
2048,ניר עקיבא ,62,באר שבע ,62,באר שבע ,42,מרחבים ,728,69,201,236,103,48,71
165,ניר יפה ,23,עפולה ,23,עפולה ,8,הגלבוע ,726,48,196,225,138,29,90
1235,שורשים ,24,עכו ,20,כרמיאל ,56,משגב ,726,54,179,256,94,58,85
239,גן חיים ,42,פתח תקווה ,47,כפר סבא ,20,דרום השרון ,724,52,149,212,101,78,132
359,ניצנים ,61,אשקלון ,61,אשקלון ,36,חוף אשקלון ,722,88,171,223,60,43,137
424,גבים ,61,אשקלון ,61,אשקלון ,37,שער הנגב ,722,68,137,271,97,68,81
693,"נתיב הל""ה ",11,ירושלים ,13,בית שמש ,26,מטה יהודה ,721,58,128,226,102,105,102
135,רמת דוד ,23,עפולה ,23,עפולה ,9,עמק יזרעאל ,720,59,194,220,105,33,109
3657,מעון ,77,חברון ,11,ירושלים ,78,הר חברון ,720,137,253,255,28,39,8
744,תלמי יפה ,61,אשקלון ,61,אשקלון ,36,חוף אשקלון ,717,31,157,230,130,84,85
89,עין חרוד )איחוד( ,23,עפולה ,23,עפולה ,8,הגלבוע ,716,40,131,192,89,79,185
777,נחשון ,11,ירושלים ,13,בית שמש ,26,מטה יהודה ,715,54,150,211,86,66,148
4702,רמות ,29,גולן ,22,טבריה ,71,גולן ,714,57,182,196,121,32,126
62,דגניה א' ,22,כנרת ,22,טבריה ,6,עמק הירדן ,712,49,119,233,86,58,167
620,משואות יצחק ,61,אשקלון ,61,אשקלון ,34,שפיר ,712,83,179,225,58,44,123
255,כפר חיטים ,22,כנרת ,22,טבריה ,3,הגליל התחתון ,710,42,142,231,119,73,103
432,שמרת ,24,עכו ,24,עכו ,4,מטה אשר ,710,57,176,217,83,44,133
36,שדה דוד ,61,אשקלון ,61,אשקלון ,50,לכיש ,708,67,186,238,85,44,88
672,בית נקופה ,11,ירושלים ,11,ירושלים ,26,מטה יהודה ,707,73,148,239,68,64,115
71,אשבול ,62,באר שבע ,62,באר שבע ,42,מרחבים ,706,55,206,225,100,54,66
460,רמת רזיאל ,11,ירושלים ,13,בית שמש ,26,מטה יהודה ,705,43,155,214,110,58,125
783,אבן ספיר ,11,ירושלים ,11,ירושלים ,26,מטה יהודה ,704,54,149,220,99,69,113
363,חפץ חיים ,44,רחובות ,44,רחובות ,31,נחל שורק ,702,104,222,234,48,26,68
714,ארז ,61,אשקלון ,61,אשקלון ,37,שער הנגב ,702,69,127,280,76,54,96
1323,בת הדר ,61,אשקלון ,61,אשקלון ,36,חוף אשקלון ,702,39,173,234,101,72,83
63,כנרת )מושבה( ,22,כנרת ,22,טבריה ,6,עמק הירדן ,700,46,87,257,89,76,145
204,אלישיב ,41,השרון ,32,חדרה ,16,עמק חפר ,699,48,159,216,106,53,117
86,גבע ,23,עפולה ,23,עפולה ,8,הגלבוע ,698,39,123,228,72,73,163
301,בית עוזיאל ,43,רמלה ,43,רמלה ,30,גזר ,697,54,158,222,98,82,83
189,כפר פינס ,32,חדרה ,32,חדרה ,14,מנשה ,696,115,191,211,51,37,91
764,כפר מרדכי ,44,רחובות ,44,רחובות ,32,גדרות ,696,45,191,188,97,60,115
74,עין הוד ,32,חדרה ,32,חדרה ,15,חוף הכרמל ,695,42,131,199,106,92,125
862,גני יוחנן ,44,רחובות ,44,רחובות ,30,גזר ,694,48,144,202,104,69,127
4008,מעלה גמלא ,29,גולן ,22,טבריה ,71,גולן ,693,89,182,231,65,39,87
402,ניר יצחק ,62,באר שבע ,62,באר שבע ,38,אשכול ,690,50,110,245,56,67,162
32,עוצם ,61,אשקלון ,61,אשקלון ,50,לכיש ,688,71,158,236,67,82,74
293,שדה יואב ,61,אשקלון ,61,אשקלון ,35,יואב ,688,57,206,217,87,50,71
385,עמיעד ,21,צפת ,21,צפת ,1,הגליל העליון ,688,61,131,212,80,56,148
789,רנן ,62,באר שבע ,62,באר שבע ,42,מרחבים ,687,58,168,242,87,52,80
769,ניר עציון ,32,חדרה ,32,חדרה ,15,חוף הכרמל ,685,107,160,248,51,50,69
589,בצת ,24,עכו ,24,עכו ,4,מטה אשר ,684,83,151,244,72,46,88
4014,נטור ,29,גולן ,22,טבריה ,71,גולן ,684,73,252,243,80,26,10
1177,טללים ,62,באר שבע ,62,באר שבע ,48,רמת נגב ,679,59,206,244,118,40,12
808,ניר אליהו ,42,פתח תקווה ,47,כפר סבא ,20,דרום השרון ,677,37,175,165,116,43,141
1249,הרדוף ,23,עפולה ,23,עפולה ,9,עמק יזרעאל ,676,66,138,250,77,92,53
664,כרם בן זמרה ,21,צפת ,21,צפת ,2,מרום הגליל ,674,74,167,236,59,61,77
1377,שבי דרום ,62,באר שבע ,62,באר שבע ,42,מרחבים ,674,158,284,193,20,17,2
407,דברת ,23,עפולה ,23,עפולה ,9,עמק יזרעאל ,672,75,193,205,86,32,81
1294,אור הגנוז ,21,צפת ,21,צפת ,2,מרום הגליל ,672,100,232,208,75,46,11
707,כפר דניאל ,43,רמלה ,43,רמלה ,25,חבל מודיעין ,670,18,154,198,139,70,91
827,נווה מבטח ,61,אשקלון ,61,אשקלון ,33,באר טוביה ,670,49,152,209,112,40,108
752,תעוז ,11,ירושלים ,13,בית שמש ,26,מטה יהודה ,667,68,170,197,81,46,105
957,עוקבי )בנו עוקבה( ,62,באר שבע ,62,באר שבע ,0, ,665,125,188,257,46,32,17
2030,מנוחה ,61,אשקלון ,61,אשקלון ,50,לכיש ,665,69,150,247,68,63,68
4204,מבוא חמה ,29,גולן ,22,טבריה ,71,גולן ,664,70,148,210,75,39,122
278,אושה ,31,חיפה ,27,קריות ,12,זבולון ,663,68,157,201,78,51,108
292,שרונה ,22,כנרת ,22,טבריה ,3,הגליל התחתון ,663,28,193,184,109,41,108
873,שלווה ,61,אשקלון ,61,אשקלון ,34,שפיר ,663,94,138,243,58,58,72
1256,אשרת ,24,עכו ,24,עכו ,4,מטה אשר ,662,47,149,209,82,61,114
159,בית חנן ,44,רחובות ,44,רחובות ,27,גן רווה ,661,55,103,186,102,69,146
1052,קטורה ,62,באר שבע ,63,אילת ,53,חבל אילות ,661,45,106,238,60,60,152
1227,יתד ,62,באר שבע ,62,באר שבע ,38,אשכול ,661,81,188,231,72,37,52
144,גן שלמה ,44,רחובות ,44,רחובות ,28,ברנר ,657,53,167,192,90,42,113
33,בת שלמה ,32,חדרה ,32,חדרה ,15,חוף הכרמל ,655,46,159,216,89,58,87
273,עין גב ,22,כנרת ,22,טבריה ,6,עמק הירדן ,655,50,116,211,72,54,152
1283,תל תאומים ,23,עפולה ,23,עפולה ,7,עמק המעיינות ,655,98,185,245,30,45,52
18,שדה משה ,61,אשקלון ,61,אשקלון ,50,לכיש ,654,60,181,202,83,38,90
3656,כרמל ,77,חברון ,11,ירושלים ,78,הר חברון ,654,131,199,229,26,34,35
1202,מכמנים ,24,עכו ,20,כרמיאל ,56,משגב ,652,51,176,229,70,49,77
360,"גבעת ניל""י ",32,חדרה ,32,חדרה ,45,אלונה ,648,47,145,209,99,60,88
1272,חלוץ ,24,עכו ,20,כרמיאל ,56,משגב ,646,28,157,221,87,91,62
414,קלחים ,62,באר שבע ,62,באר שבע ,42,מרחבים ,645,65,190,201,102,35,52
272,מעוז חיים ,23,עפולה ,23,עפולה ,7,עמק המעיינות ,644,40,114,244,72,51,123
421,משאבי שדה ,62,באר שבע ,62,באר שבע ,48,רמת נגב ,643,60,113,210,49,73,138
3722,אשכולות ,77,חברון ,11,ירושלים ,78,הר חברון ,642,47,193,239,85,48,30
3719,תלם ,77,חברון ,11,ירושלים ,78,הר חברון ,641,126,237,219,32,17,10
1340,מרחב עם ,62,באר שבע ,62,באר שבע ,48,רמת נגב ,638,79,295,191,54,13,6
716,אייל ,42,פתח תקווה ,47,כפר סבא ,20,דרום השרון ,637,66,140,216,60,50,105
1205,מנות ,24,עכו ,24,עכו ,52,מעלה יוסף ,635,68,150,236,63,61,57
3723,פני חבר ,77,חברון ,11,ירושלים ,78,הר חברון ,633,121,242,197,38,22,13
695,מגן ,62,באר שבע ,62,באר שבע ,38,אשכול ,630,49,99,209,71,53,149
2046,סגולה ,61,אשקלון ,61,אשקלון ,35,יואב ,630,43,160,195,101,43,88
220,כפר ביאליק ,31,חיפה ,31,חיפה ,12,זבולון ,629,47,130,180,95,43,134
257,נופך ,42,פתח תקווה ,42,פתח תקוה ,25,חבל מודיעין ,628,78,136,222,65,57,70
1151,פארן ,62,באר שבע ,63,אילת ,54,הערבה התיכונה ,627,51,159,207,60,61,89
11,"ניר ח""ן ",61,אשקלון ,61,אשקלון ,50,לכיש ,625,39,137,195,82,58,114
809,נחם ,11,ירושלים ,13,בית שמש ,26,מטה יהודה ,625,67,144,200,68,48,98
3724,נגוהות ,77,חברון ,11,ירושלים ,78,הר חברון ,625,133,232,216,40,4,0
4004,כפר חרוב ,29,גולן ,22,טבריה ,71,גולן ,625,46,122,236,62,69,90
372,רמות נפתלי ,21,צפת ,21,צפת ,55,מבואות החרמון ,624,34,107,214,91,74,104
2059,"פעמי תש""ז ",62,באר שבע ,62,באר שבע ,42,מרחבים ,624,77,145,214,70,42,76
264,שער הגולן ,22,כנרת ,22,טבריה ,6,עמק הירדן ,623,26,101,173,88,53,182
2042,עין גדי ,62,באר שבע ,62,באר שבע ,51,תמר ,621,32,94,185,98,71,141
94,בלפוריה ,23,עפולה ,23,עפולה ,9,עמק יזרעאל ,620,62,151,191,86,39,91
295,כפר רופין ,23,עפולה ,23,עפולה ,7,עמק המעיינות ,617,47,140,196,88,32,114
1176,ספיר ,62,באר שבע ,63,אילת ,54,הערבה התיכונה ,617,62,157,197,82,63,56
403,אורים ,62,באר שבע ,62,באר שבע ,38,אשכול ,615,42,81,202,63,57,170
2008,שדה יצחק ,32,חדרה ,32,חדרה ,14,מנשה ,615,51,117,221,94,59,73
2051,רווחה ,61,אשקלון ,61,אשקלון ,34,שפיר ,614,73,136,200,65,58,82
2052,אביטל ,23,עפולה ,23,עפולה ,8,הגלבוע ,614,46,138,210,81,47,92
2012,אורות ,61,אשקלון ,61,אשקלון ,33,באר טוביה ,612,46,110,195,68,76,117
605,כפר שמאי ,21,צפת ,21,צפת ,2,מרום הגליל ,611,67,208,160,63,47,66
885,שדה בוקר ,62,באר שבע ,62,באר שבע ,48,רמת נגב ,611,44,121,199,74,52,121
84,תל יוסף ,23,עפולה ,23,עפולה ,8,הגלבוע ,610,56,161,160,89,36,108
719,תל קציר ,22,כנרת ,22,טבריה ,6,עמק הירדן ,608,66,151,199,65,31,96
1083,תושיה ,62,באר שבע ,62,באר שבע ,39,שדות נגב ,608,60,166,244,71,31,36
3613,גיתית ,75,ירדן )יריחו( ,23,עפולה ,75,ערבות הירדן ,608,69,256,198,43,13,29
1233,שקף ,61,אשקלון ,61,אשקלון ,50,לכיש ,604,90,184,227,34,21,48
298,מסילות ,23,עפולה ,23,עפולה ,7,עמק המעיינות ,603,52,93,162,61,51,184
741,שואבה ,11,ירושלים ,13,בית שמש ,26,מטה יהודה ,603,35,110,193,83,81,101
775,יד נתן ,61,אשקלון ,61,אשקלון ,50,לכיש ,603,49,138,181,94,51,90
1208,הילה ,24,עכו ,24,עכו ,52,מעלה יוסף ,603,21,100,221,92,96,73
1317,דמיידה ,24,עכו ,20,כרמיאל ,56,משגב ,600,77,157,220,66,47,33
573,מבקיעים ,61,אשקלון ,61,אשקלון ,36,חוף אשקלון ,599,90,97,259,52,47,54
193,כפר חיים ,41,השרון ,41,נתניה ,16,עמק חפר ,598,41,127,164,96,48,122
4003,אל-רום ,29,גולן ,21,צפת ,71,גולן ,598,53,127,211,68,48,91
2057,שדי תרומות ,23,עפולה ,23,עפולה ,7,עמק המעיינות ,597,71,105,212,78,61,70
602,נירים ,62,באר שבע ,62,באר שבע ,38,אשכול ,595,49,107,200,72,42,125
670,משמר איילון ,43,רמלה ,43,רמלה ,30,גזר ,595,47,161,179,82,36,90
3759,אדורה ,77,חברון ,13,בית שמש ,78,הר חברון ,595,97,213,208,30,27,20
3400,חברון ,77,חברון ,11,ירושלים ,0, ,594,76,194,222,34,31,37
1254,נטף ,11,ירושלים ,13,בית שמש ,26,מטה יהודה ,592,97,97,232,36,33,97
369,גלעד )אבן יצחק( ,23,עפולה ,23,עפולה ,13,מגידו ,591,55,138,154,87,39,118
223,עין עירון ,32,חדרה ,32,חדרה ,14,מנשה ,589,51,116,199,88,52,83
281,פקיעין חדשה ,24,עכו ,24,עכו ,52,מעלה יוסף ,587,85,132,213,60,56,41
49,אילניה ,22,כנרת ,22,טבריה ,3,הגליל התחתון ,586,28,98,208,85,79,88
2064,זרועה ,62,באר שבע ,62,באר שבע ,39,שדות נגב ,585,71,157,190,65,50,52
1136,צוחר ,62,באר שבע ,62,באר שבע ,38,אשכול ,583,51,72,256,60,64,80
1372,נצר חזני ,44,רחובות ,44,רחובות ,31,נחל שורק ,583,90,194,197,37,23,42
2047,ניר משה ,62,באר שבע ,62,באר שבע ,42,מרחבים ,582,40,119,191,76,51,105
3645,בית הערבה ,75,ירדן )יריחו( ,11,ירושלים ,74,מגילות ים המלח ,582,128,182,216,43,8,5
55,נוגה ,61,אשקלון ,61,אשקלון ,50,לכיש ,580,39,123,178,88,50,102
1230,לבנים ,22,כנרת ,22,טבריה ,2,מרום הגליל ,579,60,140,201,61,44,73
596,מלכיה ,21,צפת ,21,צפת ,1,הגליל העליון ,578,33,97,170,95,57,126
829,מבטחים ,62,באר שבע ,62,באר שבע ,38,אשכול ,576,61,101,200,39,70,105
1364,שלומית ,62,באר שבע ,62,באר שבע ,38,אשכול ,576,151,242,176,6,1,0
224,שושנת העמקים ,41,השרון ,41,נתניה ,16,עמק חפר ,575,41,102,185,78,60,109
450,בארות יצחק ,42,פתח תקווה ,42,פתח תקוה ,25,חבל מודיעין ,575,65,94,181,58,42,135
4012,אניעם ,29,גולן ,22,טבריה ,71,גולן ,575,36,97,218,82,71,71
346,גליל ים ,51,תל אביב ,57,הרצליה ,19,חוף השרון ,573,71,124,184,62,43,89
648,מצר ,32,חדרה ,32,חדרה ,14,מנשה ,573,46,85,178,62,58,144
1058,שדה ניצן ,62,באר שבע ,62,באר שבע ,38,אשכול ,572,30,112,149,113,49,119
35,גדות ,21,צפת ,21,צפת ,1,הגליל העליון ,571,51,118,176,63,45,118
810,עופר ,32,חדרה ,32,חדרה ,15,חוף הכרמל ,571,50,123,199,56,61,82
703,גבעת עוז ,23,עפולה ,23,עפולה ,13,מגידו ,570,37,83,167,73,67,143
127,רמת רחל ,11,ירושלים ,11,ירושלים ,26,מטה יהודה ,568,46,133,165,84,45,95
820,חלץ ,61,אשקלון ,61,אשקלון ,36,חוף אשקלון ,568,51,121,171,80,61,84
4002,אלי-עד ,29,גולן ,22,טבריה ,71,גולן ,563,75,142,195,52,26,73
4503,עין זיוון ,29,גולן ,21,צפת ,71,גולן ,563,48,160,195,73,34,53
844,נחל עוז ,61,אשקלון ,61,אשקלון ,37,שער הנגב ,561,52,111,207,74,39,78
1362,גבעות עדן ,11,ירושלים ,13,בית שמש ,26,מטה יהודה ,561,165,170,205,15,5,1
2060,ברוש ,62,באר שבע ,62,באר שבע ,41,בני שמעון ,560,47,160,185,84,29,55
1150,צופר ,62,באר שבע ,63,אילת ,54,הערבה התיכונה ,559,48,117,225,31,60,78
1115,אביבים ,21,צפת ,21,צפת ,2,מרום הגליל ,558,58,125,207,70,37,61
2050,"תלמי ביל""ו ",62,באר שבע ,62,באר שבע ,42,מרחבים ,557,65,126,199,46,40,81
317,בית אורן ,32,חדרה ,32,חדרה ,15,חוף הכרמל ,556,69,97,193,57,50,90
370,גזר ,43,רמלה ,43,רמלה ,30,גזר ,556,45,80,215,33,50,133
439,שלוחות ,23,עפולה ,23,עפולה ,7,עמק המעיינות ,556,67,142,167,15,47,118
1287,שני ,62,באר שבע ,62,באר שבע ,78,הר חברון ,553,39,136,188,77,47,66
705,נחשונים ,42,פתח תקווה ,42,פתח תקוה ,20,דרום השרון ,551,38,129,148,84,51,101
4028,כנף ,29,גולן ,22,טבריה ,71,גולן ,549,50,119,222,75,76,7
442,גדעונה ,23,עפולה ,23,עפולה ,8,הגלבוע ,548,64,152,188,65,26,53
1210,כחל ,21,צפת ,21,צפת ,55,מבואות החרמון ,548,49,126,190,43,48,92
305,גשר ,22,כנרת ,22,טבריה ,7,עמק המעיינות ,547,54,78,171,52,47,145
578,סאסא ,21,צפת ,21,צפת ,1,הגליל העליון ,545,37,72,174,65,50,147
1175,עידן ,62,באר שבע ,62,באר שבע ,54,הערבה התיכונה ,545,33,141,185,87,33,66
1198,כרמים ,62,באר שבע ,62,באר שבע ,41,בני שמעון ,545,76,191,188,48,28,14
1068,אדמית ,24,עכו ,24,עכו ,4,מטה אשר ,544,35,104,161,89,56,99
3601,קליה ,75,ירדן )יריחו( ,11,ירושלים ,74,מגילות ים המלח ,544,54,117,211,47,49,66
4017,אלוני הבשן ,29,גולן ,22,טבריה ,71,גולן ,543,76,202,186,34,29,16
816,זנוח ,11,ירושלים ,13,בית שמש ,26,מטה יהודה ,542,52,96,194,59,63,78
1072,גן הדרום ,44,רחובות ,44,רחובות ,32,גדרות ,542,35,158,155,86,30,78
821,אחוזם ,61,אשקלון ,61,אשקלון ,50,לכיש ,539,39,93,206,60,63,78
343,חמדיה ,23,עפולה ,23,עפולה ,7,עמק המעיינות ,538,58,112,175,69,30,94
1146,עלומים ,62,באר שבע ,62,באר שבע ,39,שדות נגב ,536,61,127,189,39,39,81
1419,ניצן ב' ,61,אשקלון ,61,אשקלון ,36,חוף אשקלון ,536,59,107,250,37,42,41
1253,אמנון ,22,כנרת ,22,טבריה ,55,מבואות החרמון ,534,61,115,174,47,44,93
2054,מיטב ,23,עפולה ,23,עפולה ,8,הגלבוע ,533,58,104,186,63,54,68
1163,מורן ,24,עכו ,20,כרמיאל ,56,משגב ,528,32,124,178,73,41,80
1361,בת חן ,41,השרון ,41,נתניה ,16,עמק חפר ,522,34,87,144,65,32,160
713,רעים ,62,באר שבע ,62,באר שבע ,38,אשכול ,521,35,95,164,77,46,104
766,קוממיות ,61,אשקלון ,61,אשקלון ,34,שפיר ,520,69,179,135,28,33,76
792,נתיב השיירה ,24,עכו ,24,עכו ,4,מטה אשר ,519,32,100,177,55,54,101
590,נווה אור ,23,עפולה ,23,עפולה ,7,עמק המעיינות ,518,39,109,175,54,42,99
846,שפר ,21,צפת ,21,צפת ,2,מרום הגליל ,518,58,130,161,48,49,72
623,יראון ,21,צפת ,21,צפת ,1,הגליל העליון ,517,36,84,182,65,40,110
352,גבולות ,62,באר שבע ,62,באר שבע ,38,אשכול ,515,46,109,162,47,46,105
555,שדמה ,44,רחובות ,44,רחובות ,32,גדרות ,515,29,96,165,74,65,86
1067,"דוב""ב ",21,צפת ,21,צפת ,2,מרום הגליל ,515,48,93,194,57,53,70
413,צאלים ,62,באר שבע ,62,באר שבע ,38,אשכול ,514,33,91,152,82,44,112
1285,כרכום ,22,כנרת ,21,צפת ,55,מבואות החרמון ,513,34,71,182,39,114,73
848,בית רבן ,44,רחובות ,44,רחובות ,29,חבל יבנה ,512,161,73,256,13,8,1
1275,אבטליון ,24,עכו ,20,כרמיאל ,56,משגב ,511,21,161,152,100,55,22
776,מחסיה ,11,ירושלים ,13,בית שמש ,26,מטה יהודה ,509,57,135,169,46,32,70
794,עגור ,11,ירושלים ,13,בית שמש ,26,מטה יהודה ,508,56,125,176,54,46,51
852,גונן ,21,צפת ,21,צפת ,1,הגליל העליון ,508,28,113,130,90,38,109
2014,גבעולים ,62,באר שבע ,62,באר שבע ,39,שדות נגב ,508,64,129,175,59,28,53
330,אלומות ,22,כנרת ,22,טבריה ,6,עמק הירדן ,506,48,132,159,63,26,78
854,רחוב ,23,עפולה ,23,עפולה ,7,עמק המעיינות ,506,52,92,188,64,39,71
1172,תובל ,24,עכו ,20,כרמיאל ,56,משגב ,506,40,105,184,54,72,51
675,הבונים ,32,חדרה ,32,חדרה ,15,חוף הכרמל ,505,39,119,141,64,36,106
836,גנות ,43,רמלה ,43,רמלה ,40,שדות דן ,502,50,92,164,62,42,92
265,בית יוסף ,23,עפולה ,23,עפולה ,7,עמק המעיינות ,496,50,78,190,50,55,73
619,בית גוברין ,61,אשקלון ,61,אשקלון ,35,יואב ,494,40,135,133,85,48,53
755,גורן ,24,עכו ,24,עכו ,52,מעלה יוסף ,490,44,81,170,50,60,85
3568,ריחן ,71,ג'נין ,32,חדרה ,72,שומרון ,488,60,153,161,50,36,28
254,כפר המכבי ,31,חיפה ,31,חיפה ,12,זבולון ,486,50,96,156,51,37,96
774,צוריאל ,24,עכו ,24,עכו ,52,מעלה יוסף ,482,54,89,178,53,54,54
1143,נס עמים ,24,עכו ,24,עכו ,4,מטה אשר ,481,35,165,144,98,13,26
1367,כחלה ,62,באר שבע ,62,באר שבע ,69,אל קסום ,481,61,151,193,25,20,31
843,מרגליות ,21,צפת ,21,צפת ,55,מבואות החרמון ,475,36,53,221,40,62,63
678,מעגן ,22,כנרת ,22,טבריה ,6,עמק הירדן ,471,52,80,169,46,32,92
750,פדויים ,62,באר שבע ,62,באר שבע ,42,מרחבים ,471,36,85,183,52,53,62
1258,מסד ,22,כנרת ,22,טבריה ,3,הגליל התחתון ,470,58,103,167,39,57,46
1214,טפחות ,22,כנרת ,22,טבריה ,2,מרום הגליל ,465,74,133,172,31,20,35
2044,מלילות ,62,באר שבע ,62,באר שבע ,39,שדות נגב ,465,58,112,158,43,33,61
78,קרית ענבים ,11,ירושלים ,13,בית שמש ,26,מטה יהודה ,463,30,101,133,64,54,81
916,ישע ,62,באר שבע ,62,באר שבע ,38,אשכול ,462,38,101,137,82,35,69
4024,קלע ,29,גולן ,22,טבריה ,71,גולן ,460,44,125,144,77,32,38
235,חבצלת השרון ,41,השרון ,41,נתניה ,16,עמק חפר ,459,16,85,107,81,49,121
1125,אלמגור ,22,כנרת ,22,טבריה ,6,עמק הירדן ,459,37,109,123,75,25,90
2026,ירדנה ,23,עפולה ,23,עפולה ,7,עמק המעיינות ,459,49,110,157,51,37,55
1252,כורזים ,21,צפת ,21,צפת ,55,מבואות החרמון ,456,42,57,165,27,46,119
1213,צבעון ,21,צפת ,21,צפת ,1,הגליל העליון ,454,45,153,170,53,19,14
1311,אבשלום ,62,באר שבע ,62,באר שבע ,38,אשכול ,454,32,84,153,64,50,71
3615,פצאל ,75,ירדן )יריחו( ,23,עפולה ,75,ערבות הירדן ,452,66,104,154,43,10,75
15,נועם ,61,אשקלון ,61,אשקלון ,34,שפיר ,451,32,104,153,58,42,62
310,כפר גליקסון ,32,חדרה ,32,חדרה ,14,מנשה ,450,35,113,120,67,37,78
1334,ראס אל-עין ,24,עכו ,20,כרמיאל ,56,משגב ,449,51,99,210,40,27,22
2062,תאשור ,62,באר שבע ,62,באר שבע ,41,בני שמעון ,449,39,91,169,38,54,58
738,דור ,32,חדרה ,32,חדרה ,15,חוף הכרמל ,447,66,82,169,25,33,72
1079,צפרירים ,11,ירושלים ,13,בית שמש ,26,מטה יהודה ,446,40,83,155,62,46,60
4301,אפיק ,29,גולן ,22,טבריה ,71,גולן ,445,38,105,144,52,33,73
751,בית מאיר ,11,ירושלים ,13,בית שמש ,26,מטה יהודה ,444,57,82,175,35,31,64
1241,דקל ,62,באר שבע ,62,באר שבע ,38,אשכול ,444,30,116,141,64,28,65
10,תירוש ,11,ירושלים ,13,בית שמש ,26,מטה יהודה ,439,37,69,157,51,58,67
614,שומרה ,24,עכו ,24,עכו ,52,מעלה יוסף ,439,45,77,158,48,50,61
859,כסלון ,11,ירושלים ,13,בית שמש ,26,מטה יהודה ,439,47,97,152,55,34,54
3605,משואה ,75,ירדן )יריחו( ,23,עפולה ,75,ערבות הירדן ,439,100,91,155,42,6,45
2053,פרזון ,23,עפולה ,23,עפולה ,8,הגלבוע ,437,42,93,145,38,57,62
1041,נצאצרה )שבט( ,62,באר שבע ,62,באר שבע ,0, ,434,1,165,164,65,24,15
3639,ורד יריחו ,75,ירדן )יריחו( ,11,ירושלים ,74,מגילות ים המלח ,433,36,130,146,64,16,41
200,בית ינאי ,41,השרון ,41,נתניה ,16,עמק חפר ,432,25,86,113,65,54,89
398,שרשרת ,62,באר שבע ,62,באר שבע ,39,שדות נגב ,432,51,108,140,41,38,54
2035,עדנים ,42,פתח תקווה ,42,פתח תקוה ,20,דרום השרון ,432,36,101,132,52,33,78
1128,מי עמי ,32,חדרה ,32,חדרה ,14,מנשה ,428,31,117,123,58,30,69
4009,שעל ,29,גולן ,22,טבריה ,71,גולן ,428,55,116,147,31,23,56
1046,אוהד ,62,באר שבע ,62,באר שבע ,38,אשכול ,425,16,118,121,88,25,57
2063,דישון ,21,צפת ,21,צפת ,55,מבואות החרמון ,423,47,54,166,29,55,72
1262,צוקים ,62,באר שבע ,62,באר שבע ,54,הערבה התיכונה ,422,34,130,121,92,27,18
196,גיבתון ,44,רחובות ,44,רחובות ,28,ברנר ,421,27,96,111,70,29,88
355,חורשים ,42,פתח תקווה ,349,ראש העין ,20,דרום השרון ,419,29,68,122,58,48,94
378,משגב עם ,21,צפת ,21,צפת ,1,הגליל העליון ,418,40,61,197,33,38,49
826,עוזה ,61,אשקלון ,61,אשקלון ,34,שפיר ,418,40,70,110,49,74,75
69,ניר עוז ,62,באר שבע ,62,באר שבע ,38,אשכול ,417,27,97,145,37,34,77
207,"גבעת ח""ן ",42,פתח תקווה ,47,כפר סבא ,20,דרום השרון ,417,34,90,119,50,30,94
1104,פוריה - כפר עבודה ,22,כנרת ,22,טבריה ,6,עמק הירדן ,417,43,75,161,40,45,53
1081,אבן מנחם ,24,עכו ,24,עכו ,52,מעלה יוסף ,416,43,80,143,43,47,60
840,כיסופים ,62,באר שבע ,62,באר שבע ,38,אשכול ,415,33,67,129,45,50,91
865,שיבולים ,62,באר שבע ,62,באר שבע ,39,שדות נגב ,413,26,92,144,54,38,59
1126,אילות ,62,באר שבע ,63,אילת ,53,חבל אילות ,412,31,86,150,46,25,74
263,מסדה ,22,כנרת ,22,טבריה ,6,עמק הירדן ,411,38,70,159,37,31,76
3561,מגדל עוז ,76,בית לחם ,11,ירושלים ,76,גוש עציון ,410,66,79,183,34,30,18
1232,יבול ,62,באר שבע ,62,באר שבע ,38,אשכול ,407,32,137,125,56,5,52
141,ברק ,23,עפולה ,23,עפולה ,8,הגלבוע ,406,39,61,140,49,37,80
1103,גני הדר ,43,רמלה ,43,רמלה ,30,גזר ,406,30,91,127,58,43,57
1129,גרופית ,62,באר שבע ,63,אילת ,53,חבל אילות ,406,25,75,135,45,43,83
2016,רוויה ,23,עפולה ,23,עפולה ,7,עמק המעיינות ,402,37,107,131,58,26,43
676,עין השלושה ,62,באר שבע ,62,באר שבע ,38,אשכול ,397,34,57,137,37,39,93
872,גאולי תימן ,41,השרון ,32,חדרה ,16,עמק חפר ,397,33,93,118,45,28,80
1259,נווה שלום ,11,ירושלים ,13,בית שמש ,26,מטה יהודה ,397,43,77,155,36,36,50
4013,אורטל ,29,גולן ,22,טבריה ,71,גולן ,396,30,99,145,52,47,23
1223,שדי אברהם ,62,באר שבע ,62,באר שבע ,38,אשכול ,394,26,87,141,63,44,33
1047,חזון ,22,כנרת ,22,טבריה ,2,מרום הגליל ,393,44,87,116,40,14,92
1237,תלמי יוסף ,62,באר שבע ,62,באר שבע ,38,אשכול ,393,19,81,136,54,32,71
39,גפן ,11,ירושלים ,13,בית שמש ,26,מטה יהודה ,391,40,93,120,43,38,57
1209,חרשים ,24,עכו ,20,כרמיאל ,56,משגב ,391,56,86,127,41,30,51
4022,גשור ,29,גולן ,22,טבריה ,71,גולן ,391,35,92,141,47,42,34
1280,ניצני סיני ,62,באר שבע ,62,באר שבע ,48,רמת נגב ,389,48,86,156,41,31,27
3558,תומר ,75,ירדן )יריחו( ,23,עפולה ,75,ערבות הירדן ,389,52,87,137,20,21,72
1220,אבירים ,24,עכו ,24,עכו ,52,מעלה יוסף ,387,61,75,154,23,32,42
183,ירקונה ,42,פתח תקווה ,47,כפר סבא ,20,דרום השרון ,383,23,57,130,59,52,62
1147,נטועה ,24,עכו ,24,עכו ,52,מעלה יוסף ,383,37,80,130,39,35,62
311,גן שורק ,44,רחובות ,44,רחובות ,27,גן רווה ,382,29,87,109,55,36,66
1158,יהל ,62,באר שבע ,63,אילת ,53,חבל אילות ,382,41,89,115,38,40,59
3785,משכיות ,75,ירדן )יריחו( ,11,ירושלים ,75,ערבות הירדן ,382,91,171,109,10,1,0
145,גדיש ,23,עפולה ,23,עפולה ,8,הגלבוע ,381,32,66,133,48,58,44
1045,שתולה ,24,עכו ,24,עכו ,52,מעלה יוסף ,380,48,80,137,40,29,46
1211,קדרים ,22,כנרת ,22,טבריה ,1,הגליל העליון ,376,48,91,141,25,67,4
106,כפר גדעון ,23,עפולה ,23,עפולה ,9,עמק יזרעאל ,371,47,105,127,36,12,44
1415,מחנה יפה ,62,באר שבע ,62,באר שבע ,42,מרחבים ,371,83,89,193,6,0,0
3646,חמדת ,75,ירדן )יריחו( ,23,עפולה ,75,ערבות הירדן ,371,54,134,136,37,10,0
27,שדות מיכה ,11,ירושלים ,13,בית שמש ,26,מטה יהודה ,370,29,84,120,42,39,56
164,מלאה ,23,עפולה ,23,עפולה ,8,הגלבוע ,368,37,73,130,45,25,58
1412,מחנה תל נוף ,44,רחובות ,44,רחובות ,28,ברנר ,364,123,67,172,2,0,0
464,הראל ,11,ירושלים ,13,בית שמש ,26,מטה יהודה ,362,42,55,98,43,38,86
44,זוהר ,61,אשקלון ,61,אשקלון ,50,לכיש ,360,23,95,124,30,23,65
3824,עמיחי ,74,ראמאללה ,11,ירושלים ,73,מטה בנימין ,358,65,161,105,27,0,0
527,שזור ,24,עכו ,21,צפת ,2,מרום הגליל ,353,27,51,119,40,37,79
3825,מבואות יריחו ,75,ירדן )יריחו( ,11,ירושלים ,75,ערבות הירדן ,348,87,147,102,10,0,2
113,אדירים ,23,עפולה ,23,עפולה ,8,הגלבוע ,347,27,73,117,52,32,46
312,נווה ים ,32,חדרה ,32,חדרה ,15,חוף הכרמל ,347,38,76,104,44,29,56
146,דבורה ,23,עפולה ,23,עפולה ,8,הגלבוע ,346,36,75,103,36,33,63
1219,גורנות הגליל ,24,עכו ,24,עכו ,52,מעלה יוסף ,346,29,77,136,27,29,48
202,בית עובד ,44,רחובות ,44,רחובות ,27,גן רווה ,345,24,63,99,56,29,74
3556,אלמוג ,75,ירדן )יריחו( ,11,ירושלים ,74,מגילות ים המלח ,341,31,101,118,50,30,11
98,"כפר מל""ל ",42,פתח תקווה ,47,כפר סבא ,20,דרום השרון ,338,17,57,89,51,38,86
1180,צביה ,24,עכו ,20,כרמיאל ,56,משגב ,338,20,55,89,46,49,79
1320,עין חוד ,32,חדרה ,32,חדרה ,15,חוף הכרמל ,337,47,73,140,34,24,19
252,ביתן אהרן ,41,השרון ,41,נתניה ,16,עמק חפר ,336,16,43,65,30,18,164
1077,גבעת שפירא ,41,השרון ,41,נתניה ,16,עמק חפר ,332,21,77,93,64,36,41
3713,"נעמ""ה ",75,ירדן )יריחו( ,11,ירושלים ,75,ערבות הירדן ,332,67,68,139,11,15,32
318,עמיעוז ,62,באר שבע ,62,באר שבע ,38,אשכול ,330,25,69,113,39,37,47
1148,צור נתן ,42,פתח תקווה ,47,כפר סבא ,20,דרום השרון ,326,15,62,92,70,14,73
347,מנרה ,21,צפת ,21,צפת ,1,הגליל העליון ,324,40,50,123,25,26,60
1051,תלמי אליהו ,62,באר שבע ,62,באר שבע ,38,אשכול ,324,25,69,104,47,17,62
1196,מחנה יתיר ,62,באר שבע ,62,באר שבע ,0, ,323,72,151,92,5,0,3
1124,נאות הכיכר ,62,באר שבע ,62,באר שבע ,51,תמר ,318,22,66,93,47,23,67
4019,מיצר ,29,גולן ,22,טבריה ,71,גולן ,317,57,97,118,25,16,4
3607,"ייט""ב ",75,ירדן )יריחו( ,23,עפולה ,75,ערבות הירדן ,312,53,87,104,25,17,26
3782,רותם ,75,ירדן )יריחו( ,11,ירושלים ,75,ערבות הירדן ,311,49,121,99,38,4,0
296,נווה איתן ,23,עפולה ,23,עפולה ,7,עמק המעיינות ,309,39,48,101,33,19,69
1133,ורדון ,61,אשקלון ,61,אשקלון ,35,יואב ,308,35,66,119,24,34,30
1134,יד השמונה ,11,ירושלים ,11,ירושלים ,26,מטה יהודה ,308,27,80,100,48,13,40
1206,גיתה ,24,עכו ,24,עכו ,52,מעלה יוסף ,308,14,61,104,41,37,51
1130,כפר רוזנואלד )זרעית( ,24,עכו ,24,עכו ,52,מעלה יוסף ,305,22,43,107,56,24,53
1195,ניצנה )קהילת חינוך( ,62,באר שבע ,62,באר שבע ,48,רמת נגב ,302,18,40,201,32,6,5
3717,חרמש ,71,ג'נין ,32,חדרה ,72,שומרון ,299,25,53,96,37,36,52
603,אלקוש ,24,עכו ,24,עכו ,52,מעלה יוסף ,298,12,39,106,37,42,62
1156,סמר ,62,באר שבע ,63,אילת ,53,חבל אילות ,296,17,38,123,33,50,35
958,אבו עבדון )שבט( ,62,באר שבע ,62,באר שבע ,0, ,295,63,90,98,20,11,13
1229,כלנית ,22,כנרת ,22,טבריה ,2,מרום הגליל ,293,52,65,111,3,24,38
833,נורית ,23,עפולה ,23,עפולה ,8,הגלבוע ,292,19,101,92,54,13,13
1411,מחנה הילה ,44,רחובות ,46,ראשון לציון ,27,גן רווה ,287,96,57,134,0,0,0
1166,כפר רות ,43,רמלה ,43,רמלה ,25,חבל מודיעין ,286,40,64,85,23,9,65
1085,כרם שלום ,62,באר שבע ,62,באר שבע ,38,אשכול ,284,42,62,112,29,20,19
1094,כרם ביבנה )ישיבה( ,44,רחובות ,44,רחובות ,29,חבל יבנה ,283,81,56,127,11,3,5
1261,הר עמשא ,62,באר שבע ,62,באר שבע ,51,תמר ,283,52,83,103,15,16,14
3786,אבנת ,75,ירדן )יריחו( ,11,ירושלים ,74,מגילות ים המלח ,283,56,116,96,15,0,0
1255,לוטן ,62,באר שבע ,63,אילת ,53,חבל אילות ,282,31,49,101,35,52,14
1418,מחנה טלי ,62,באר שבע ,62,באר שבע ,48,רמת נגב ,280,73,67,137,3,0,0
942,סואעד )חמרייה( ,24,עכו ,24,עכו ,9,עמק יזרעאל ,278,35,51,108,29,22,33
3609,חמרה ,75,ירדן )יריחו( ,23,עפולה ,75,ערבות הירדן ,278,43,69,90,31,10,35
3566,יפית ,75,ירדן )יריחו( ,23,עפולה ,75,ערבות הירדן ,273,31,73,95,31,10,33
1044,יעף ,41,השרון ,41,נתניה ,18,לב השרון ,272,12,79,73,58,27,23
1102,צוקי ים ,41,השרון ,41,נתניה ,16,עמק חפר ,271,18,52,73,51,21,56
889,כפר חסידים ב' ,31,חיפה ,31,חיפה ,12,זבולון ,270,22,61,83,32,11,61
1238,סופה ,62,באר שבע ,62,באר שבע ,38,אשכול ,267,24,40,110,20,48,25
218,גני עם ,42,פתח תקווה ,47,כפר סבא ,20,דרום השרון ,263,14,33,70,32,38,76
1291,כמהין ,62,באר שבע ,62,באר שבע ,48,רמת נגב ,263,24,78,89,48,19,5
1413,מחנה יהודית ,23,עפולה ,23,עפולה ,9,עמק יזרעאל ,262,81,54,124,3,0,0
1084,בן שמן )כפר נוער( ,43,רמלה ,43,רמלה ,25,חבל מודיעין ,260,28,53,82,23,23,51
1231,פרי גן ,62,באר שבע ,62,באר שבע ,38,אשכול ,260,17,63,90,37,14,39
128,גת רימון ,42,פתח תקווה ,42,פתח תקוה ,20,דרום השרון ,256,14,51,79,42,13,57
1184,מתת ,24,עכו ,24,עכו ,52,מעלה יוסף ,256,16,55,100,24,26,35
4010,אודם ,29,גולן ,21,צפת ,71,גולן ,255,45,61,96,11,10,32
1197,נאות סמדר ,62,באר שבע ,63,אילת ,53,חבל אילות ,248,19,44,91,24,31,39
1324,ארסוף ,41,השרון ,41,נתניה ,19,חוף השרון ,244,22,55,59,46,23,39
1416,מחנה יוכבד ,62,באר שבע ,63,אילת ,53,חבל אילות ,238,59,57,120,2,0,0
3610,מצפה שלם ,75,ירדן )יריחו( ,11,ירושלים ,74,מגילות ים המלח ,238,20,39,94,27,39,19
3864,בית חגלה ,75,ירדן )יריחו( ,11,ירושלים ,74,מגילות ים המלח ,237,94,64,78,1,0,0
23,אמציה ,61,אשקלון ,61,אשקלון ,50,לכיש ,235,26,50,81,26,16,36
4303,"נווה אטי""ב ",29,גולן ,21,צפת ,71,גולן ,235,17,52,80,28,11,47
3555,נתיב הגדוד ,75,ירדן )יריחו( ,23,עפולה ,75,ערבות הירדן ,232,24,46,81,26,9,46
1278,באר מילכה ,62,באר שבע ,62,באר שבע ,48,רמת נגב ,230,20,86,70,43,8,3
3606,גלגל ,75,ירדן )יריחו( ,23,עפולה ,75,ערבות הירדן ,230,27,42,89,17,32,23
3614,מכורה ,75,ירדן )יריחו( ,23,עפולה ,75,ערבות הירדן ,230,22,63,72,29,7,37
1141,מבוא מודיעים ,43,רמלה ,43,רמלה ,25,חבל מודיעין ,227,23,39,87,20,9,49
1251,עין תמר ,62,באר שבע ,62,באר שבע ,51,תמר ,227,21,51,72,27,21,35
3612,בקעות ,75,ירדן )יריחו( ,23,עפולה ,75,ערבות הירדן ,227,16,65,59,44,9,34
1185,פלך ,24,עכו ,20,כרמיאל ,56,משגב ,225,24,81,82,28,5,5
1239,חולית ,62,באר שבע ,62,באר שבע ,38,אשכול ,224,20,48,100,26,19,11
1338,כדיתה ,21,צפת ,21,צפת ,2,מרום הגליל ,219,28,46,87,20,20,18
1043,גיזו ,11,ירושלים ,13,בית שמש ,26,מטה יהודה ,217,10,53,70,34,30,20
1248,אליפז ,62,באר שבע ,63,אילת ,53,חבל אילות ,216,10,63,75,31,28,9
186,נעורים ,41,השרון ,41,נתניה ,16,עמק חפר ,209,10,40,77,24,24,34
22,מקווה ישראל ,53,חולון ,53,חולון ,0, ,200,19,31,76,29,15,30
702,האון ,22,כנרת ,22,טבריה ,6,עמק הירדן ,199,10,14,85,23,16,51
1414,מחנה מרים ,61,אשקלון ,61,אשקלון ,33,באר טוביה ,197,58,45,92,2,0,0
1316,אל-עריאן ,32,חדרה ,32,חדרה ,14,מנשה ,196,26,33,90,20,17,10
156,עיינות ,44,רחובות ,44,רחובות ,27,גן רווה ,194,21,20,129,10,7,7
1212,עמוקה ,21,צפת ,21,צפת ,2,מרום הגליל ,191,16,22,66,9,15,63
1157,אחווה ,61,אשקלון ,61,אשקלון ,33,באר טוביה ,184,5,9,40,7,25,98
3598,ארגמן ,75,ירדן )יריחו( ,23,עפולה ,75,ערבות הירדן ,175,15,37,57,15,13,38
868,אלוני יצחק ,32,חדרה ,32,חדרה ,14,מנשה ,174,7,20,58,12,17,60
1266,שחרות ,62,באר שבע ,63,אילת ,53,חבל אילות ,174,13,21,71,25,27,17
1339,אל-עזי ,61,אשקלון ,61,אשקלון ,35,יואב ,171,15,51,54,16,23,12
3619,רועי ,75,ירדן )יריחו( ,23,עפולה ,75,ערבות הירדן ,167,11,27,53,26,9,41
427,כפר גלים ,31,חיפה ,31,חיפה ,15,חוף הכרמל ,160,13,33,71,25,9,9
969,עטאוונה )שבט( ,62,באר שבע ,62,באר שבע ,0, ,156,1,47,60,14,10,24
1153,כישור ,24,עכו ,20,כרמיאל ,56,משגב ,148,2,2,41,47,30,26
1173,לפידות ,24,עכו ,24,עכו ,52,מעלה יוסף ,144,8,13,51,15,7,50
1276,אשבל ,24,עכו ,20,כרמיאל ,56,משגב ,144,33,29,57,25,0,0
3620,נערן ,75,ירדן )יריחו( ,23,עפולה ,75,ערבות הירדן ,142,31,29,65,9,4,4
102,מאיר שפיה ,32,חדרה ,32,חדרה ,15,חוף הכרמל ,141,3,33,51,21,7,26
1378,שיזף ,62,באר שבע ,62,באר שבע ,48,רמת נגב ,141,37,50,52,0,0,2
58,מצפה ,22,כנרת ,22,טבריה ,3,הגליל התחתון ,137,10,14,42,13,19,39
2021,אשל הנשיא ,62,באר שבע ,62,באר שבע ,42,מרחבים ,133,10,22,50,18,18,15
1225,רביד ,22,כנרת ,22,טבריה ,6,עמק הירדן ,131,25,18,62,15,11,0
353,בית זיד ,23,עפולה ,23,עפולה ,9,עמק יזרעאל ,127,5,17,29,14,21,41
107,כפר סילבר ,61,אשקלון ,61,אשקלון ,36,חוף אשקלון ,118,9,14,48,28,10,9
959,אפיניש )שבט( ,62,באר שבע ,62,באר שבע ,0, ,118,29,21,40,14,8,6
921,שער מנשה ,32,חדרה ,32,חדרה ,14,מנשה ,115,0,0,12,22,28,53
4029,רמת טראמפ ,29,גולן ,22,טבריה ,71,גולן ,111,39,25,47,0,0,0
1279,נווה חריף ,62,באר שבע ,63,אילת ,53,חבל אילות ,110,10,15,51,14,13,7
371,כדורי ,22,כנרת ,22,טבריה ,3,הגליל התחתון ,107,3,31,47,11,4,11
88,כרם בן שמן ,43,רמלה ,43,רמלה ,25,חבל מודיעין ,106,9,29,22,16,7,23
1042,אבו עמאר )שבט( ,62,באר שבע ,62,באר שבע ,0, ,101,10,23,44,12,8,4
212,בית צבי ,32,חדרה ,32,חדרה ,15,חוף הכרמל ,97,20,28,44,1,1,3
328,עזוז ,62,באר שבע ,62,באר שבע ,48,רמת נגב ,92,8,12,39,13,10,10
986,ח'ואלד )שבט( ,25,נצרת ,31,חיפה ,12,זבולון ,92,16,22,30,6,11,7
493,דייר ראפאת ,11,ירושלים ,13,בית שמש ,26,מטה יהודה ,90,7,28,36,11,2,6
1154,מיטל ,23,עפולה ,23,עפולה ,7,עמק המעיינות ,86,25,26,33,0,2,0
890,כפר הנוער הדתי ,31,חיפה ,31,חיפה ,12,זבולון ,71,11,12,20,4,4,20
2006,כנות ,61,אשקלון ,61,אשקלון ,33,באר טוביה ,68,8,17,23,3,9,8
1057,נווה זוהר ,62,באר שבע ,62,באר שבע ,51,תמר ,67,6,4,18,3,15,21
1318,מבואות ים ,41,השרון ,41,נתניה ,16,עמק חפר ,62,5,18,25,10,3,1
1053,עין חצבה ,62,באר שבע ,63,אילת ,51,תמר ,57,13,8,18,7,4,7
1187,עיר אובות ,62,באר שבע ,62,באר שבע ,54,הערבה התיכונה ,57,5,21,19,5,2,5
1076,בית ברל ,42,פתח תקווה ,47,כפר סבא ,20,דרום השרון ,56,4,7,21,8,7,9
1325,כפר זוהרים ,11,ירושלים ,13,בית שמש ,26,מטה יהודה ,46,14,14,18,0,0,0
1322,הודיות ,22,כנרת ,22,טבריה ,3,הגליל התחתון ,45,9,15,17,2,1,1
2039,קרית יערים)מוסד( ,11,ירושלים ,13,בית שמש ,26,מטה יהודה ,43,1,16,11,6,1,8
3862,גבעות הרואה ,74,ראמאללה ,48,אריאל ,73,מטה בנימין ,42,12,13,16,1,0,0
1298,אתגר ,24,עכו ,20,כרמיאל ,56,משגב ,33,0,0,9,1,8,15
989,סואעד )כמאנה( )שבט( ,24,עכו ,20,כרמיאל ,0, ,31,0,4,10,8,6,3
935,אבו סריחאן )שבט( ,62,באר שבע ,62,באר שבע ,0, ,29,3,2,10,8,3,3
3861,עשהאל ,77,חברון ,11,ירושלים ,78,הר חברון ,29,13,5,11,0,0,0
948,חוג'ייראת )ד'הרה( ,24,עכו ,24,עכו ,56,משגב ,28,0,5,6,2,5,10
1117,יעל ,23,עפולה ,23,עפולה ,8,הגלבוע ,28,3,3,12,3,6,1
392,קדמה ,61,אשקלון ,61,אשקלון ,35,יואב ,26,2,6,8,3,1,6
4035,נמרוד ,29,גולן ,22,טבריה ,71,גולן ,24,2,2,9,3,7,1
932,אבו עמרה )שבט( ,62,באר שבע ,62,באר שבע ,0, ,19,2,3,1,4,6,3
1056,"עין כרם-בי""ס חקלאי ",11,ירושלים ,11,ירושלים ,26,מטה יהודה ,19,0,3,8,4,2,2
3869,אביגיל ,77,חברון ,11,ירושלים ,78,הר חברון ,19,7,6,6,0,0,0
926,נווה אבות ,32,חדרה ,32,חדרה ,0, ,17,0,0,0,0,1,16
2742,זבארגה )שבט( ,62,באר שבע ,62,באר שבע ,0, ,17,0,0,1,6,10,0
1373,שלווה במדבר ,62,באר שבע ,62,באר שבע ,48,רמת נגב ,15,5,2,6,1,1,0
566,גבעת שמש ,11,ירושלים ,13,בית שמש ,26,מטה יהודה ,7,0,0,2,1,0,4
882,אורנים ,31,חיפה ,31,חיפה ,12,זבולון ,7,0,0,4,1,0,2
897,מדרשת רופין ,41,השרון ,41,נתניה ,16,עמק חפר ,7,0,0,4,1,1,1
412,קרית שלמה ,41,השרון ,41,נתניה ,19,חוף השרון ,6,0,0,0,0,1,5
886,איתנים ,11,ירושלים ,13,בית שמש ,26,מטה יהודה ,3,0,0,0,0,0,3
1267,שיטים ,62,באר שבע ,63,אילת ,53,חבל אילות ,3,0,0,2,1,0,0
3868,שחרית ,73,טול כרם ,48,אריאל ,72,שומרון ,3,2,0,1,0,0,0
38,כרי דשא ,22,כנרת ,22,טבריה ,6,עמק הירדן ,1,0,0,0,0,0,1
